ts,universe_id,playing,visits,favorites,up_votes,down_votes
2026-10-06T20:21:17Z,10764627709,90793,31726780,79732,67410,7237
2026-10-06T20:21:17Z,383310974,209242,44964977721,29711418,9531831,1513070
2026-10-06T20:21:17Z,2440500124,48171,7836887105,8244614,4723232,354616
2026-10-06T20:21:17Z,9534705677,13146,302175805,2957170,286555,25708
2026-10-06T20:21:17Z,7326934954,146310,29907140023,9793621,5438050,571511
2026-10-06T20:21:17Z,5569032992,127794,7553576555,4687501,1717756,249354
2026-10-06T20:21:17Z,10685282333,25184,80720876,131034,207097,26542
2026-10-06T20:21:17Z,6931042565,36587,3933255892,5441775,2570853,129791
2026-10-06T20:21:17Z,7709344486,129079,73839309484,29493596,15448571,2690747
2026-10-06T20:21:17Z,10765288803,38403,32007283,198380,131807,2724
2026-10-06T20:21:17Z,10665420648,7728,13421929,140659,168668,4181
2026-10-06T20:21:17Z,10756011174,17019,95382842,221846,366678,15792
2026-10-06T20:21:17Z,10708913337,59720,72177898,137312,559510,3957
2026-10-06T20:21:17Z,10512942223,15308,4493017,23005,28268,703
2026-10-06T20:21:17Z,7398552394,8597,260100313,402154,132072,15619
2026-10-06T20:21:17Z,10765012427,15141,30409173,140139,94978,4936
2026-10-06T20:21:17Z,10765298801,31437,15436653,584750,26757,959
2026-10-06T20:21:17Z,10764613327,7368,3157787,28207,3915,921
2026-10-06T20:21:17Z,578392296,14763,1344537820,1004729,514966,123113
2026-10-06T20:21:17Z,10759518799,5162,9365011,92437,10582,905
2026-10-06T20:21:17Z,6945584306,10268,585314729,654282,1612984,53603
2026-10-06T20:21:17Z,10767012496,10079,12639346,35635,9381,1647
2026-10-06T20:21:17Z,10766056678,15695,11074854,36039,15346,971
2026-10-06T20:21:17Z,10436530264,16831,11695884,252372,36593,1415
2026-10-06T20:21:17Z,10673920146,11719,3722658,74986,16798,596
2026-10-06T20:21:17Z,4983034985,12776,292130070,871264,120498,28308
2026-10-06T20:21:17Z,10765582175,8074,2487049,31760,25692,2772
2026-10-06T20:21:17Z,10766506199,14612,22564348,85378,8962,3178
2026-10-06T20:21:17Z,10766687030,4120,5259699,17168,9144,2271
2026-10-06T20:21:17Z,9891331827,5089,1712143,92816,43017,1400
2026-10-06T20:21:17Z,10090256806,3380,54885904,684033,194911,19069
2026-10-06T20:21:17Z,10526463655,5017,13702833,29266,6270,2312
2026-10-06T20:21:17Z,10768565603,5740,952977,3773,3668,1755
2026-10-06T20:21:17Z,10744310825,13595,18415924,1171498,7529,2985
2026-10-06T20:21:17Z,601130232,25258,4593377876,6543978,3033735,139860
2026-10-06T20:21:17Z,648454481,18907,1323802146,1511150,1073296,121591
2026-10-06T20:21:17Z,10766390665,4695,1941657,30900,4916,1178
2026-10-06T20:21:17Z,10597001332,6191,2616303,61193,11505,5904
2026-10-06T20:21:17Z,1016936714,6676,2266170860,1970150,1450831,181917
2026-10-06T20:21:17Z,5578556129,21721,2060121797,1997840,2589066,87365
2026-10-06T20:21:17Z,113491250,2629,1801522760,5987117,2464182,251298
2026-10-06T20:21:17Z,903807016,7490,1596913370,2851888,1185663,119749
2026-10-06T20:21:17Z,10765751583,4596,3243029,14037,4519,768
2026-10-06T20:21:17Z,10764640833,3574,19817211,58847,12450,3044
2026-10-06T20:21:17Z,10282097014,14797,2783152,56746,21202,1069
2026-10-06T20:21:17Z,10767408330,10600,4792485,15158,12686,825
2026-10-06T20:21:17Z,10765951887,2798,553189,17629,6058,670
2026-10-06T20:21:17Z,10764297006,5981,38288138,25963,15595,3573
2026-10-06T20:21:17Z,10765686447,14746,9262621,51108,19934,1045
2026-10-06T20:21:17Z,10667357873,6855,12174487,181137,29560,1428
2026-10-06T20:21:17Z,10766395909,4396,2279971,25469,9107,607
2026-10-06T20:21:17Z,7089588429,1915,625989187,3117780,192472,8791
2026-10-06T20:21:17Z,4342047058,4661,606080437,1325869,524124,32691
2026-10-06T20:21:17Z,10766721625,8527,10756894,624687,8217,539
2026-10-06T20:21:17Z,10630800860,10726,51220100,1499928,6656,6367
2026-10-06T20:21:17Z,10550257968,11021,27222577,870156,9842,3823
2026-10-06T20:21:17Z,10636331438,6917,8937822,295807,69285,1216
2026-10-06T20:21:17Z,10742937135,3093,5251529,65055,9476,2223
2026-10-06T20:21:17Z,8813969120,4561,45811564,131014,94921,3333
2026-10-06T20:21:17Z,10767634248,13603,2182272,10115,2057,169
2026-10-06T20:21:17Z,10700618962,10888,10982385,279687,28460,486
2026-10-06T20:21:17Z,10230942274,5832,98911913,212620,238177,18107
2026-10-06T20:21:17Z,10764897725,6973,31050106,1440221,138143,3216
2026-10-06T20:21:17Z,3541611379,5198,416724887,338007,333859,20150
2026-10-06T20:21:17Z,10766502612,2729,835182,13377,1416,578
2026-10-06T20:21:17Z,10481791182,2480,30536739,551767,12240,2555
2026-10-06T20:21:17Z,4858558391,1321,68709433,577429,105751,13886
2026-10-06T20:21:17Z,10539411000,10663,220085722,346913,132117,19901
2026-10-06T20:21:17Z,10767582899,4872,727636,8709,2923,937
2026-10-06T20:21:17Z,6635513269,4937,12311900,91528,135108,3541
2026-10-06T20:21:17Z,10767240772,5340,1884179,13264,8944,1222
2026-10-06T20:21:17Z,10765067592,6476,1714306,28582,4295,493
2026-10-06T20:21:17Z,10762757054,5440,17279332,60355,20852,5525
2026-10-06T20:21:17Z,10766142497,3639,1173492,10836,1357,228
2026-10-06T20:21:17Z,10732236937,10192,33670226,67989,39974,3467
2026-10-06T20:21:17Z,10767545737,1373,697153,7852,6772,603
2026-10-06T20:21:17Z,10766008884,7289,6754576,34938,23399,664
2026-10-06T20:21:17Z,2765784373,3286,91210612,536126,211979,13869
2026-10-06T20:21:17Z,5580972377,2986,148565330,617898,694819,25166
2026-10-06T20:21:17Z,2783797267,12593,712706983,8179160,376620,45275
2026-10-06T20:21:17Z,10741514942,10023,3695594,54457,3170,677
2026-10-06T20:21:17Z,5026122481,3434,273847495,896098,166701,17521
2026-10-06T20:21:17Z,10740316645,6465,4823050,19278,46442,634
2026-10-06T20:21:17Z,10739044772,3205,7689028,181206,51875,804
2026-10-06T20:21:17Z,10767657583,1074,831804,21770,854,316
2026-10-06T20:21:17Z,10635348596,2537,24365478,135417,17638,2237
2026-10-06T20:21:17Z,10766812776,4182,864758,5496,1848,75
2026-10-06T20:21:17Z,10561166339,5572,2546131,112016,5212,292
2026-10-06T20:21:17Z,184199275,10596,991153841,1924028,570530,62036
2026-10-06T20:21:17Z,10766364164,3702,6948560,22761,4659,1548
2026-10-06T20:21:17Z,10765950109,3682,3166606,24183,6660,925
2026-10-06T20:21:17Z,1525626450,5637,339647124,885634,395916,22601
2026-10-06T20:21:17Z,10039889230,3277,5861483,39251,24637,1070
2026-10-06T20:21:17Z,10752833252,3329,6001394,41287,2617,435
2026-10-06T20:21:17Z,10608856704,6686,7411760,423321,57528,939
2026-10-06T20:21:17Z,10769066324,2484,1910724,2655,942,119
2026-10-06T20:21:17Z,10767922762,2727,577581,22003,2521,261
2026-10-06T20:21:17Z,10767858548,1776,405671,6400,4563,308
2026-10-06T20:21:17Z,10765748731,2783,505749,5990,1433,386
2026-10-06T20:21:17Z,10766222230,754,1706434,7337,2609,423
2026-10-06T20:21:17Z,10767825538,13043,7530617,47546,17620,829
2026-10-06T20:21:17Z,10765563835,2325,3463312,16220,7275,1829
2026-10-06T20:21:17Z,10768176407,4073,619276,4699,1752,243
2026-10-06T20:21:17Z,10767628417,3740,425748,9734,2551,210
2026-10-06T20:21:17Z,10765906597,5028,1781341,7714,9010,395
2026-10-06T20:21:17Z,10768944292,1440,384064,3991,4697,137
2026-10-06T20:21:17Z,10765153945,8363,9255345,26298,6738,754
2026-10-06T20:21:17Z,10767957681,1958,385873,2652,1567,263
2026-10-06T20:21:17Z,10766309747,5054,7027867,26100,27926,832
2026-10-06T20:21:17Z,10766240516,3954,938016,79639,1754,159
2026-10-06T20:21:17Z,10766773917,3098,2486440,9606,2758,754
2026-10-06T20:21:17Z,10757704931,3227,1057548,48628,10782,269
2026-10-06T20:21:17Z,10675117523,14448,12185845,109151,22754,1076
2026-10-06T20:21:17Z,10766399546,1636,5917121,23911,26702,1309
2026-10-06T20:21:17Z,10764980068,3844,3096297,15071,15906,462
2026-10-06T20:21:17Z,10766725034,6554,13682035,34646,5215,3800
2026-10-06T20:21:17Z,10767824942,3924,650236,68751,1701,110
2026-10-06T20:21:17Z,10765629147,4242,4329957,5822,1180,164
2026-10-06T20:21:17Z,10764706572,3324,3756532,7929,4661,1394
2026-10-06T20:21:17Z,10766009412,1224,1128978,31903,2074,509
2026-10-06T20:21:17Z,10764415267,2083,5762299,14562,5132,606
2026-10-06T20:21:17Z,10765764482,2430,11407757,70999,10317,2060
2026-10-06T20:21:17Z,10765091041,3068,11047903,55344,64397,1669
2026-10-06T20:21:17Z,10212081143,1047,1440703,40646,3627,1060
2026-10-06T20:21:17Z,10765279487,2471,7561315,67799,5361,1141
2026-10-06T20:21:17Z,10563114921,956473,7013356406,6961109,3243680,273795
2026-10-06T20:21:17Z,1686885941,286350,88294486773,30353890,8617579,1415621
2026-10-06T20:21:17Z,66654135,178584,31093004594,24375347,10725600,1083135
2026-10-06T20:21:17Z,994732206,144322,64842618573,20035606,12744020,1065324
2026-10-06T20:21:17Z,3508322461,103345,7512994542,3079706,2627814,420011
2026-10-06T20:21:17Z,6035872082,102763,18564143632,94024082,10716689,722628
2026-10-06T20:21:17Z,5595353122,79424,109489722,492669,915044,20012
2026-10-06T20:21:17Z,6701277882,72717,4770050041,1287603,1344915,278756
2026-10-06T20:21:17Z,7219654364,63036,1882816984,16706114,266804,39038
2026-10-06T20:21:17Z,10035204815,62464,316047417,318792,393919,13485
2026-10-06T20:21:17Z,9584852943,61298,6316033548,6947123,9905819,319818
2026-10-06T20:21:17Z,5750914919,59803,4985263523,3664295,3041185,309234
2026-10-06T20:21:17Z,2711375305,56962,8045660464,5893607,3024876,203045
2026-10-06T20:21:17Z,5203828273,56821,11110565087,7543603,4017479,418458
2026-10-06T20:21:17Z,3317771874,53261,2659988564,2203840,3069078,170484
2026-10-06T20:21:17Z,10155360168,42519,140637999,233266,87011,13575
2026-10-06T20:21:17Z,6331902150,42336,5785372506,3230401,2390149,440726
2026-10-06T20:21:17Z,3240075297,40844,8815881035,3654785,1146405,186035
2026-10-06T20:21:17Z,3808081382,36737,19364138716,7689775,5315627,1029714
2026-10-06T20:21:17Z,5361032378,30971,2216122448,1023287,1423617,134037
2026-10-06T20:21:17Z,10684750879,29015,61390095,2644409,131372,4387
2026-10-06T20:21:17Z,10148749921,27069,2398220986,3125958,1320082,88163
2026-10-06T20:21:17Z,4839802560,27506,4010752387,15779053,944596,100456
2026-10-06T20:21:17Z,6521100398,25014,348172632,588170,267861,13944
2026-10-06T20:21:17Z,6765805766,24228,1275691510,988661,276959,75537
2026-10-06T20:21:17Z,703124385,23733,29079542934,12030456,4365093,1565504
2026-10-06T20:21:17Z,6739698191,23774,1537656018,1649558,764510,55912
2026-10-06T20:21:17Z,4949420752,23003,1690738124,805032,493385,90039
2026-10-06T20:21:17Z,3647333358,22084,9267626083,8296558,3240014,210872
2026-10-06T20:21:17Z,372226183,20424,6053798089,9717022,2802423,240521
2026-10-06T20:21:17Z,2668101271,18798,3598703068,2578994,948681,231741
2026-10-06T20:21:17Z,2619619496,19039,11752079404,4633287,2479575,533808
2026-10-06T20:21:17Z,1516533665,18419,14396343027,12259074,4060759,435144
2026-10-06T20:21:17Z,10258991999,18016,59903433,855338,160327,7917
2026-10-06T20:21:17Z,5995470825,17733,1333900287,22114436,1869139,109467
2026-10-06T20:21:17Z,1831550657,17656,2248053078,11280755,1415052,116021
2026-10-06T20:21:17Z,1202096104,16794,3339837285,31780754,2536521,190677
2026-10-06T20:21:17Z,88070565,16389,10119333763,14006745,5638150,733821
2026-10-06T20:21:17Z,4777817887,16087,6471732151,12990944,8453936,591532
2026-10-06T20:21:17Z,10261267004,15191,127024661,375127,125180,7160
2026-10-06T20:21:17Z,6325068386,14289,4984282697,6282932,10236596,356868
2026-10-06T20:21:17Z,7554119808,13759,444238517,5541616,159148,15542
2026-10-06T20:21:17Z,10173311467,13207,92355077,879192,509165,12630
2026-10-06T20:21:17Z,6774320049,13135,277787581,959093,86086,11800
2026-10-06T20:21:17Z,4658598196,12592,1152076109,1502948,1421611,59635
2026-10-06T20:21:17Z,10502841145,13212,104267635,126975,37645,1327
2026-10-06T20:21:17Z,8178086002,12392,78809049,228785,63554,4315
2026-10-06T20:21:17Z,9978329815,12272,509048969,1074949,294157,22694
2026-10-06T20:21:17Z,7436755782,12133,35958924117,11437655,9435360,1054819
2026-10-06T20:21:17Z,7395930870,12197,469450780,503186,357838,20377
2026-10-06T20:21:17Z,10681914462,11449,106835323,289121,276354,13337
2026-10-06T20:21:17Z,7018190066,11463,6592616980,6128883,3348290,268736
2026-10-06T20:21:17Z,9294074907,10639,581504421,648449,219880,30093
2026-10-06T20:21:17Z,10460801145,10775,209527943,233259,77153,12537
2026-10-06T20:21:17Z,7585140258,10915,142914720,654858,396507,15709
2026-10-06T20:21:17Z,8719555347,10795,436182859,636152,224209,17976
2026-10-06T20:21:17Z,4049246711,10323,928411125,620386,227210,124572
2026-10-06T20:21:17Z,210851291,10168,5219157612,8538256,3659062,259220
2026-10-06T20:21:17Z,2936053166,10331,2272157356,1865259,1520115,101579
2026-10-06T20:21:17Z,10741654282,9592,46433945,1103212,242727,4876
2026-10-06T20:21:17Z,3359505957,2973,210383632,329037,126479,9920
2026-10-06T20:21:17Z,4991126644,1636,4473470,11919,8458,904
2026-10-06T20:21:17Z,6385532960,3305,27012331,99882,49921,3022
2026-10-06T20:21:17Z,1000233041,5984,3316323978,5806812,2005062,180572
2026-10-06T20:21:17Z,10737656087,5942,5448029,13980,9103,676
2026-10-06T20:21:17Z,6726637224,2882,174798647,1643675,168296,25119
2026-10-06T20:21:17Z,10415694629,4694,24906525,120882,21162,2755
2026-10-06T20:21:17Z,6619936488,2066,41492672,122808,39416,6425
2026-10-06T20:21:17Z,7414497778,1774,78724238,199827,71526,13918
2026-10-06T20:21:17Z,9908641400,3672,75715086,58481,35938,7746
2026-10-06T20:21:17Z,1008451066,2746,2954267685,3006956,1297452,542670
2026-10-06T20:21:17Z,9885372266,3044,87831078,2512019,149841,10164
2026-10-06T20:21:17Z,10391036163,1685,7903157,167838,16121,2193
2026-10-06T20:21:17Z,10765167636,2377,6824652,33862,9805,1123
2026-10-06T20:21:17Z,10759638075,6206,4694998,148388,71217,1055
2026-10-06T20:21:17Z,1494262959,1748,366400438,825768,370349,122098
2026-10-06T20:21:17Z,1278035280,5837,782192646,1517793,501408,37297
2026-10-06T20:21:17Z,7108384194,8007,399281893,718616,135593,22674
2026-10-06T20:21:17Z,1946714362,2818,62539333,164643,44608,9965
2026-10-06T20:21:17Z,1718755273,527,86527343,322160,136532,45260
2026-10-06T20:21:17Z,7178032757,5271,245595050,152545,232198,5911
2026-10-06T20:21:17Z,3990106548,5494,1872745633,6416176,478755,96243
2026-10-06T20:21:17Z,7208219743,1562,13131811,145930,23762,5797
2026-10-06T20:21:17Z,4676287985,480,78200293,316546,121486,11184
2026-10-06T20:21:17Z,4348829796,7037,2714324105,11597749,570822,105506
2026-10-06T20:21:17Z,1526814825,7711,1124103481,4421781,1108652,106066
2026-10-06T20:21:17Z,6749060816,4856,292894099,1915759,302967,60624
2026-10-06T20:21:17Z,10762388019,5908,26842510,108182,209654,15975
2026-10-06T20:21:17Z,10189903609,3839,87869641,144101,88087,8292
2026-10-06T20:21:17Z,5039839070,7330,354887569,520659,304615,40915
2026-10-06T20:21:17Z,1709917610,1259,264403269,1073543,406660,45226
2026-10-06T20:21:17Z,6275120808,1402,270254335,387040,245095,71770
2026-10-06T20:21:17Z,5829613337,2199,372037437,892055,360429,28699
2026-10-06T20:21:17Z,10766420770,707,1141884,58604,9507,145
2026-10-06T20:21:17Z,110181652,1976,2357459653,8609456,2271764,236105
2026-10-06T20:21:17Z,3168615253,1359,547387148,739328,448734,113818
2026-10-06T20:21:17Z,892043755,2429,1252005525,3320278,1055503,136802
2026-10-06T20:21:17Z,4987856151,4364,127258899,529737,375607,12278
2026-10-06T20:21:17Z,7629331599,4668,267191793,480854,335828,12490
2026-10-06T20:21:17Z,2471084,6204,1331929566,4647779,2034117,285411
2026-10-06T20:21:17Z,7970033072,1305,7540825,108187,157169,3879
2026-10-06T20:21:17Z,10153098880,2033,35853292,252841,53680,2112
2026-10-06T20:21:17Z,4568630521,4237,1746855739,1622485,1132638,191826
2026-10-06T20:21:17Z,7856039629,6062,77187342,2222946,42092,5206
2026-10-06T20:21:17Z,245662005,6286,8066346736,18676724,5804395,811728
2026-10-06T20:21:17Z,10533638982,1072,8355453,56051,29294,1672
2026-10-06T20:21:17Z,10765902945,4248,580531,1348,1733,61
2026-10-06T20:21:17Z,4181957649,1897,724451334,1119098,411004,85788
2026-10-06T20:21:17Z,4582358979,1671,1321626822,1029243,1243534,67311
2026-10-06T20:21:17Z,2380077519,6050,3653100105,4662387,1958073,317426
2026-10-06T20:21:17Z,6010232141,3335,384687148,358837,100053,30525
2026-10-06T20:21:17Z,6504986360,7090,609362335,291981,494630,16380
2026-10-06T20:21:17Z,10504918958,1845,4144715,151077,122323,2236
2026-10-06T20:21:17Z,3730079862,3855,59974589,491019,162691,14188
2026-10-06T20:21:17Z,65241,6516,4501035191,11887153,4412313,448738
2026-10-06T20:21:17Z,3837114739,997,43779150,154632,43625,4206
2026-10-06T20:21:17Z,4260784961,1480,23981115,77613,27878,5058
2026-10-06T20:21:17Z,7037673488,452,5068631,5821,5312,991
2026-10-06T20:21:17Z,7882785167,1951,11451994,77921,30552,3013
2026-10-06T20:21:17Z,10422038064,315,2021209,8152,3476,196
2026-10-06T20:21:17Z,114967577,907,59723085,276940,92529,14846
2026-10-06T20:21:17Z,1087859240,1282,385225106,345141,118565,23296
2026-10-06T20:21:17Z,8524572339,3124,95994684,138888,81571,22398
2026-10-06T20:21:17Z,6190071862,1622,69440941,231305,83245,11547
2026-10-06T20:21:17Z,4938220315,1012,481748731,754644,189201,15726
2026-10-06T20:21:17Z,3747388906,1073,48176906,284023,46707,8179
2026-10-06T20:21:17Z,4150150482,450,14060299,13720,7337,1932
2026-10-06T20:21:17Z,4743794878,2327,112145644,36642,26139,4839
2026-10-06T20:21:17Z,5488708927,314,7556177,21656,5888,986
2026-10-06T20:21:17Z,10765927544,654,750611,2199,1551,144
2026-10-06T20:21:17Z,2682938349,4960,681864066,661227,252546,21261
2026-10-06T20:21:17Z,9931749389,6467,150286437,243810,163191,6153
2026-10-06T20:21:17Z,10393438342,2119,19328418,16565,16002,1306
2026-10-06T20:21:17Z,3289847355,355,31526979,43310,15916,3677
2026-10-06T20:21:17Z,10202515720,367,2826838,5429,2822,380
2026-10-06T20:21:17Z,2309918273,1445,54379617,530966,205721,22339
2026-10-06T20:21:17Z,10428543942,489,4933416,26420,10907,1837
2026-10-06T20:21:17Z,7350402084,469,14611192,23610,8605,1365
2026-10-06T20:21:17Z,9948575164,1596,54206280,248833,140798,5879
2026-10-06T20:21:17Z,4201418016,504,149283077,285803,144922,13337
2026-10-06T20:21:17Z,3913007563,1847,143203042,314899,183331,33385
2026-10-06T20:21:17Z,4497460596,839,183296639,160778,94416,15167
2026-10-06T20:21:17Z,6682487255,5552,521288126,232403,426202,10890
2026-10-06T20:21:17Z,2640407187,1031,542610266,429258,167327,26315
2026-10-06T20:21:17Z,9229146348,474,10450442,39381,16987,4189
2026-10-06T20:21:17Z,9965411707,4052,48147842,76941,73897,2917
2026-10-06T20:21:17Z,3936365689,1430,73492200,349019,203351,15370
2026-10-06T20:21:17Z,9031167776,318,2179128,14972,4896,346
2026-10-06T20:21:17Z,6395392848,1723,22494541,12055,6480,703
2026-10-06T20:21:17Z,10767183467,1255,338240,1331,1321,71
2026-10-06T20:21:17Z,123956318,355,33591880,344812,78754,17768
2026-10-06T20:21:17Z,1176784616,9766,5002687483,3518400,2077394,129103
2026-10-06T20:21:17Z,1271059807,1629,76425570,392653,89826,8640
2026-10-06T20:21:17Z,6280758286,874,56342241,43198,35237,4983
2026-10-06T20:21:17Z,6375110339,1568,153972990,105887,70711,6183
2026-10-06T20:21:17Z,10181310479,609,17197184,20597,7836,1224
2026-10-06T20:21:17Z,3047037061,1565,154473572,156823,84746,13142
2026-10-06T20:21:17Z,4750561026,8319,49586984,327955,195118,21889
2026-10-06T20:21:17Z,9837612476,8410,351428036,1243424,793663,28894
2026-10-06T20:21:17Z,1235188606,6276,1729621022,14549242,1117292,78711
2026-10-06T20:21:17Z,7264587281,3194,406974002,1996219,127412,38764
2026-10-06T20:21:17Z,10643795368,4348,11949156,58648,26478,3509
2026-10-06T20:21:17Z,7633926880,7573,287468344,950862,615327,34541
2026-10-06T20:21:17Z,10741792653,2806,11247854,97945,27659,902
2026-10-06T20:21:17Z,3183403065,1947,2512903245,1398144,723528,65232
2026-10-06T20:21:17Z,9641502068,7778,119127762,227194,281663,18831
2026-10-06T20:21:17Z,321778215,8470,10461800885,13328947,3264443,534987
2026-10-06T20:21:17Z,6760085372,5305,126905269,211693,222905,10989
2026-10-06T20:21:17Z,371263894,6074,1468488518,2701040,1060657,146386
2026-10-06T20:21:17Z,10624691669,7567,138023336,403361,79619,14108
2026-10-06T20:21:17Z,7008097940,9072,3343822424,22399222,1247158,327207
2026-10-06T20:21:17Z,9855761734,9961,212546830,293881,145694,24511
2026-10-06T20:21:17Z,10552240401,4537,5966538,96892,22989,846
2026-10-06T20:21:17Z,3110388936,2650,92664528,310176,180175,19275
2026-10-06T20:21:17Z,10717002748,3986,9736428,382487,92566,3614
2026-10-06T20:21:17Z,1390601379,1603,1452931155,2370486,1366377,271186
2026-10-06T20:21:17Z,9582986239,3473,16711465,72333,37784,1981
2026-10-06T20:21:17Z,10532995815,5927,7675387,196525,61597,1470
2026-10-06T20:21:17Z,7028566528,7362,1147840946,2236012,7120769,124314
2026-10-06T20:21:17Z,10321202755,6978,53369067,489255,172205,2914
2026-10-06T20:21:17Z,9656201728,2249,31241230,109630,61960,3060
2026-10-06T20:21:17Z,9910245722,2202,323200095,1486489,507210,9656
2026-10-06T20:21:17Z,985731078,1655,451042376,2275918,935610,52301
2026-10-06T20:21:17Z,9796898051,7581,68314127,1039941,84108,6887
2026-10-06T20:21:17Z,2527789729,2093,117748659,372651,98066,26708
2026-10-06T20:21:17Z,9051406594,5954,396737393,7741582,2055149,76716
2026-10-06T20:21:17Z,7265339759,873,67444681,369751,147298,15245
2026-10-06T20:21:17Z,10759337137,4334,36542170,367809,179163,5225
2026-10-06T20:21:17Z,10246108265,2784,21884668,160926,92831,3204
2026-10-06T20:21:17Z,9872734936,4538,54093677,120386,49329,6357
2026-10-06T20:21:17Z,9880286438,6621,25390395,65295,84372,2536
2026-10-06T20:21:17Z,10552540426,2245,12566744,386076,248848,4178
2026-10-06T20:21:17Z,10200395747,2116,1676428433,663178,719753,99507
2026-10-06T20:21:17Z,8520148363,3716,265680965,3334863,678470,79625
2026-10-06T20:21:17Z,7613921865,3874,801492986,211790,271537,12129
2026-10-06T20:21:17Z,10158471028,3670,7075019,287678,159821,1817
2026-10-06T20:21:17Z,7094518649,8334,375417681,902307,392022,19319
2026-10-06T20:21:17Z,5166944221,5027,1635222172,1770338,2980742,121547
2026-10-06T20:21:17Z,2992873140,7060,1439292194,1035617,494701,82665
2026-10-06T20:21:17Z,10440833423,2169,101595924,331094,717640,15455
2026-10-06T20:21:17Z,10526853622,6495,8797728,153228,26498,900
2026-10-06T20:21:17Z,10231502419,2889,6732070,52323,19608,732
2026-10-06T20:21:17Z,10529769390,6128,25189970,17022,11008,2805
2026-10-06T20:21:17Z,7883776681,3714,572912557,4740208,1205981,64434
2026-10-06T20:21:17Z,10431718987,2823,43239326,108092,129243,4146
2026-10-06T20:21:17Z,9551044479,2883,54182762,262245,184856,5308
2026-10-06T20:21:17Z,9970645639,7695,125101534,763860,538620,7073
2026-10-06T20:21:17Z,1054526971,3217,631139478,1715783,618130,67733
2026-10-06T20:21:17Z,1268927906,5547,2309570274,2608003,1165015,155241
2026-10-06T20:21:17Z,2251388500,1817,194134758,560233,216625,23148
2026-10-06T20:21:17Z,10748543623,3578,1351760,43621,35142,562
2026-10-06T20:21:17Z,7673659635,2670,142089701,337134,174278,30078
2026-10-06T20:21:17Z,6215986499,681,10949106,761253,272622,4449
2026-10-06T20:21:17Z,7934320560,2137,110335517,136961,164453,8083
2026-10-06T20:21:17Z,9561553764,8668,266945091,224126,257929,17471
2026-10-06T20:21:17Z,10430019389,3884,10503632,277163,145171,2621
2026-10-06T20:21:17Z,10577588270,3202,41362912,636656,150002,3620
2026-10-06T20:21:17Z,850110028,3513,189113056,705050,379581,36902
2026-10-06T20:21:17Z,1782832995,1213,992412723,1415860,910064,147237
2026-10-06T20:21:17Z,3164075108,2666,289301093,749305,499105,28201
2026-10-06T20:21:17Z,10415845204,2548,11349321,790523,68840,1377
2026-10-06T20:21:17Z,1802741133,2283,438809477,1125389,404015,30747
2026-10-06T20:21:17Z,2788648141,1945,1011045173,2168758,1281445,120714
2026-10-06T20:21:17Z,10634461028,8713,73823797,92090,45354,5681
2026-10-06T20:21:17Z,10541331578,1103,3158299,211284,11809,1325
2026-10-06T20:21:17Z,4931927012,3145,768499947,696082,666320,105624
2026-10-06T20:21:17Z,5422546686,2149,368994876,2250964,485901,21943
2026-10-06T20:21:17Z,10753751277,5537,17540063,1639645,46621,2168
2026-10-06T20:21:17Z,10765013362,8055,5968497,12118,4640,566
2026-10-06T20:21:17Z,10399136326,9591,108376959,172688,97246,12810
2026-10-06T20:21:17Z,8829204428,2176,9006675,161408,125082,2689
2026-10-06T20:21:17Z,4730278139,5794,1457186388,1368478,1398004,207368
2026-10-06T20:21:17Z,6061766680,2808,569902622,605224,313838,81454
2026-10-06T20:21:17Z,1451439645,3895,4062796671,2772288,1696088,158075
2026-10-06T20:21:17Z,10765579304,1243,1085758,16138,5225,671
2026-10-06T20:21:17Z,10116272705,7682,3022142,6637,21403,618
2026-10-06T20:21:17Z,4793836769,2732,316309305,6644993,986869,25122
2026-10-06T20:21:17Z,10764887435,1064,3427776,180982,13021,804
2026-10-06T20:21:17Z,1742264997,1589,507809563,1293285,676338,73477
2026-10-06T20:21:17Z,9788139379,2494,72934615,178546,119087,15013
2026-10-06T20:21:17Z,10765708310,1068,1092469,17337,8649,651
2026-10-06T20:21:17Z,10566677406,3285,6125660,138253,22324,2640
2026-10-06T20:21:17Z,9662130710,1694,16606117,531409,112729,9567
2026-10-06T20:21:17Z,10298144467,2405,40318815,42589,95380,3058
2026-10-06T20:21:17Z,9940812243,2961,15492370,167134,29883,939
2026-10-06T20:21:17Z,10031505426,3343,45758000,1781501,205900,5880
2026-10-06T20:21:17Z,5650396773,6201,2577342743,2318301,2030306,223986
2026-10-06T20:21:17Z,3405618667,3186,1535231399,3295075,1593212,137774
2026-10-06T20:21:17Z,31970568,3500,1621536247,6098867,2083479,256872
2026-10-06T20:21:17Z,6161049307,1416,239204601,987108,759979,25031
2026-10-06T20:21:17Z,9312646406,2144,203415575,992047,174729,12335
2026-10-06T20:21:17Z,10004244222,8498,1903009798,26536723,1300364,68117
2026-10-06T20:21:17Z,10031562156,2916,41754474,439221,27619,3811
2026-10-06T20:21:17Z,10404519332,2557,23820901,95566,30444,6284
2026-10-06T20:21:17Z,10389762549,713,855357,8172,11511,275
2026-10-06T20:21:17Z,9826885587,3512,153522797,361625,306571,8843
2026-10-06T20:21:17Z,10475794799,2472,123812582,1735972,244789,8866
2026-10-06T20:21:17Z,6100103590,675,3805090,48753,9468,1072
2026-10-06T20:21:17Z,10336278580,2315,44204922,1178010,317064,3520
2026-10-06T20:21:17Z,10199301628,4280,438358193,2063945,775449,42772
2026-10-06T20:21:17Z,2862098693,2303,158623644,457976,95135,27630
2026-10-06T20:21:17Z,6048923315,1149,107509124,220751,195930,14476
2026-10-06T20:21:17Z,7359962123,2422,57998998,274700,88478,5253
2026-10-06T20:21:17Z,10195997258,2661,51512057,124541,77548,3913
2026-10-06T20:21:17Z,4457060041,926,145356113,233166,95974,13765
2026-10-06T20:21:17Z,10501944811,2365,7206331,22036,72247,825
2026-10-06T20:21:17Z,4420562665,8373,91679599,373863,79467,8002
2026-10-06T20:21:17Z,8356066619,2208,89462244,47402,88466,4522
2026-10-06T20:21:17Z,9950184599,1370,13334716,119050,90783,2616
2026-10-06T20:21:17Z,3419284255,2494,420116157,866169,456523,45935
2026-10-06T20:21:17Z,10589388621,555,3699519,248509,13789,1095
2026-10-06T20:21:17Z,9317784977,776,143001900,1312432,147797,20099
2026-10-06T20:21:17Z,10424107160,2666,3877381,37380,7235,435
2026-10-06T20:21:17Z,10762636904,1233,3309508,26042,21854,263
2026-10-06T20:21:17Z,9792947201,410,536185025,3520783,814491,19909
2026-10-06T20:21:17Z,10648820673,1552,72394063,1731246,140530,3566
2026-10-06T20:21:17Z,10626746750,856,1211097,21814,4884,1432
2026-10-06T20:21:17Z,10524813259,2191,10248337,44114,20479,2390
2026-10-06T20:21:17Z,9584946743,3241,38721703,289018,125553,2371
2026-10-06T20:21:17Z,7761516673,880,10236599,30394,18095,4443
2026-10-06T20:21:17Z,10503838245,425,3463137,191619,86145,890
2026-10-06T20:21:17Z,10471583973,2221,32361998,103286,44269,3814
2026-10-06T20:21:17Z,10759594563,2095,6257229,14311,8446,2074
2026-10-06T20:21:17Z,10761375938,2050,8110657,31095,57526,937
2026-10-06T20:21:17Z,7101140819,512,32696108,118188,60272,9279
2026-10-06T20:21:17Z,10764533320,5274,26600307,80620,66099,7891
2026-10-06T20:21:17Z,10730414817,884,228501,3510,1004,18
2026-10-06T20:21:17Z,10463578886,763,8907746,23213,42041,928
2026-10-06T20:21:17Z,10764967952,1055,2487342,25122,5084,736
2026-10-06T20:21:17Z,10445832507,667,760530,10646,12721,521
2026-10-06T20:21:17Z,10263732883,1796,6210340,38004,11097,2086
2026-10-06T20:21:17Z,6329693946,1143,89495805,240431,113577,10480
2026-10-06T20:21:17Z,911750776,2751,1526859274,4481602,1404580,185946
2026-10-06T20:21:17Z,10628526114,3804,5687261,20322,17177,381
2026-10-06T20:21:17Z,9751615286,372,15242396,17165,10461,1517
2026-10-06T20:21:17Z,10410945205,2753,75349515,129106,115906,3630
2026-10-06T20:21:17Z,3808223175,1256,723524258,3271312,1839650,60436
2026-10-06T20:21:17Z,8946565814,468,27018416,27358,33603,2223
2026-10-06T20:21:17Z,3170483284,814,72343741,211750,55322,15654
2026-10-06T20:21:17Z,10485201326,1990,18298415,546444,19891,978
2026-10-06T20:21:17Z,98929893,1806,989341885,2120099,640240,67241
2026-10-06T20:21:17Z,8964956538,1827,69504294,1223451,202252,6475
2026-10-06T20:21:17Z,10514280922,923,16684463,32282,17438,1274
2026-10-06T20:21:17Z,10572887321,2405,9783701,491623,57773,3122
2026-10-06T20:21:17Z,10455462279,2409,61899827,2294305,24269,7655
2026-10-06T20:21:17Z,10759430423,3630,3946606,112714,9570,365
2026-10-06T20:21:17Z,5972059550,1368,831135203,3947041,1111771,40406
2026-10-06T20:21:17Z,6026405541,889,57876968,134377,41067,6090
2026-10-06T20:21:17Z,6170143659,3170,874012524,1239600,351530,16114
2026-10-06T20:21:17Z,9098570654,4903,269128888,453563,193571,12094
2026-10-06T20:21:17Z,6466404775,3020,78571027,141879,252623,12007
2026-10-06T20:21:17Z,4785982047,1226,225018290,3126183,1659700,27109
2026-10-06T20:21:17Z,1720936166,1620,7934155998,2319727,1494797,129161
2026-10-06T20:21:17Z,2822776643,3397,144209459,240018,157346,15005
2026-10-06T20:21:17Z,2092410051,1428,338934232,1410516,514776,67729
2026-10-06T20:21:17Z,1001911915,1253,242010087,688959,274457,35922
2026-10-06T20:21:17Z,8246907060,779,117341480,294302,188430,18669
2026-10-06T20:21:17Z,1165835263,356,91922619,264621,114355,18236
2026-10-06T20:21:17Z,4778845442,2415,6191239395,1540969,1346638,227208
2026-10-06T20:21:17Z,1775919872,450,135845053,522293,227982,18986
2026-10-06T20:21:17Z,10631775021,2659,3507236,53348,3823,335
2026-10-06T20:21:17Z,10766257839,762,2075785,9582,4048,1070
2026-10-06T20:21:17Z,10371406677,4066,17987225,73735,49958,1000
2026-10-06T20:21:17Z,10187294555,1408,146386684,313702,421147,14348
2026-10-06T20:21:17Z,9150731899,1575,17331598,85708,18985,5124
2026-10-06T20:21:17Z,10508386614,394,271831,4705,9121,245
2026-10-06T20:21:17Z,1393178180,719,101203561,192448,92683,15665
2026-10-06T20:21:17Z,8841437826,1664,56123521,824352,94306,2860
2026-10-06T20:21:17Z,9141743926,2774,459129704,602999,536151,11915
2026-10-06T20:21:17Z,10398947938,832,3518844,19681,6957,1653
2026-10-06T20:21:17Z,10698216738,4062,30115113,112134,142315,3442
2026-10-06T20:21:17Z,10387635049,1898,9032493,437685,11033,1115
2026-10-06T20:21:17Z,2324662457,1844,1334126213,1566533,1151598,86916
2026-10-06T20:21:17Z,10642702105,615,3794810,12906,25715,1281
2026-10-06T20:21:17Z,10138624079,4560,127276297,162656,111175,2955
2026-10-06T20:21:17Z,10171934713,1382,22781052,923937,64833,2904
2026-10-06T20:21:17Z,9348272796,3123,747677410,689179,442077,21193
2026-10-06T20:21:17Z,10529067596,1109,20412935,608349,20758,2589
2026-10-06T20:21:17Z,10768373808,956,999645,8263,5177,381
2026-10-06T20:21:17Z,1312971993,1534,644662364,2033656,570484,90784
2026-10-06T20:21:17Z,8497987845,1300,25122383,138123,75753,6459
2026-10-06T20:21:17Z,10226261982,3132,9710656,355455,123508,1226
2026-10-06T20:21:17Z,8269273068,397,41413159,268064,284769,12337
2026-10-06T20:21:17Z,10299762956,716,36454951,121716,102072,5226
2026-10-06T20:21:17Z,10612017628,2586,10919524,501450,24995,977
2026-10-06T20:21:17Z,10399524075,750,6079905,33793,41176,1226
2026-10-06T20:21:17Z,10759478428,3965,3531306,134142,34281,667
2026-10-06T20:21:17Z,9162763535,1628,77066160,95808,25516,7299
2026-10-06T20:21:17Z,10241783978,377,2181419,112271,53403,1517
2026-10-06T20:21:17Z,2644656496,868,307363869,4471593,1801500,42658
2026-10-06T20:21:17Z,3308103880,6605,1837259438,2115860,493672,77281
2026-10-06T20:21:17Z,7671049560,1533,1032272612,1037348,1565051,92162
2026-10-06T20:21:17Z,5576955991,1020,93609398,234917,200277,7145
2026-10-06T20:21:17Z,10324001605,2262,20218380,486110,99345,2508
2026-10-06T20:21:17Z,10390151142,1303,10602475,35731,11633,1993
2026-10-06T20:21:17Z,9996384072,1125,6892335,74670,26073,552
2026-10-06T20:21:17Z,7274244096,3461,156905327,939876,91437,8403
2026-10-06T20:21:17Z,10466601694,2078,2201846,18077,10522,1379
2026-10-06T20:21:17Z,5091490171,2058,92620268,315008,107596,11815
2026-10-06T20:21:17Z,5117983607,1199,230613027,185696,115466,17813
2026-10-06T20:21:17Z,1198533421,656,184488427,734286,256518,28978
2026-10-06T20:21:17Z,9112256336,844,9677583,20369,8542,1598
2026-10-06T20:21:17Z,10741302505,1772,4894626,183472,42167,946
2026-10-06T20:21:17Z,7488668004,6670,350920536,452970,140548,11681
2026-10-06T20:21:17Z,7474367816,2886,1118029196,1433956,1300806,36641
2026-10-06T20:21:17Z,10376944238,3159,59543129,324238,538550,10959
2026-10-06T20:21:17Z,7882829745,340,361010478,984667,481514,9389
2026-10-06T20:21:17Z,8214054500,439,145514824,431184,1089025,27708
2026-10-06T20:21:17Z,8659262047,784,128184848,1279162,514826,10541
2026-10-06T20:21:17Z,7332711118,1770,1888209175,2480945,1978126,65421
2026-10-06T20:21:17Z,9793308933,748,59437826,1427887,291136,3778
2026-10-06T20:21:17Z,4518160318,3108,657977481,1205161,722015,21980
2026-10-06T20:21:17Z,9294646427,1165,111820022,284844,525305,13986
2026-10-06T20:21:17Z,9485131494,930,93039190,454558,362326,7356
2026-10-06T20:21:17Z,5295169598,631,255846097,2265821,489377,12440
2026-10-06T20:21:17Z,9384605736,874,1049420519,17272529,2720778,110889
2026-10-06T20:21:17Z,5866227438,865,370234973,10669236,651422,18377
2026-10-06T20:21:17Z,6935083490,715,103304970,316132,665288,20633
2026-10-06T20:21:17Z,10253235584,1592,66365167,642778,274506,4218
2026-10-06T20:21:17Z,3476371299,369,978564712,1365937,1570528,63819
2026-10-06T20:21:17Z,3608594708,1493,425943183,677278,1022390,37111
2026-10-06T20:21:17Z,10219827882,527,10904498,103253,232020,2542
2026-10-06T20:21:17Z,111958650,2866,6311669172,11519886,5125498,665495
2026-10-06T20:21:17Z,10601155553,4790,31143673,182716,121604,5472
2026-10-06T20:21:17Z,6983536246,693,60190173,206140,56268,4670
2026-10-06T20:21:17Z,7307246329,355,206763913,2352455,265549,45684
2026-10-06T20:21:17Z,7411615879,758,39969918,54097,21991,1604
2026-10-06T20:21:17Z,3232838484,375,91564850,136975,46762,3869
2026-10-06T20:21:17Z,8058628992,388,177632673,585386,75306,6632
2026-10-06T20:21:17Z,10743048214,3672,902696,19591,6945,291
2026-10-06T20:21:17Z,6925303818,1964,74002990,271995,929901,20870
2026-10-06T20:21:17Z,8181391950,1577,241750640,4574611,263675,27117
2026-10-06T20:21:17Z,10739112966,4309,2164537,17958,1835,551
2026-10-06T20:21:17Z,10643877552,2087,574063,1965,1371,111
2026-10-06T20:21:17Z,10271723279,1262,7552164,158837,31617,2088
2026-10-06T20:21:17Z,1719305066,610,154571253,377100,133858,13819
2026-10-06T20:21:17Z,7372152033,660,33779854,59185,17124,6357
2026-10-06T20:21:17Z,4293374620,8951,1575882169,1105038,461257,105410
2026-10-06T20:21:17Z,10370802481,2903,112262800,336559,25124,9220
2026-10-06T20:21:17Z,2153167977,772,165722300,367969,136241,19162
2026-10-06T20:21:17Z,5666473198,5480,443145673,142747,106177,19025
2026-10-06T20:21:17Z,10254680421,3551,90471382,2407680,27564,6686
2026-10-06T20:21:17Z,10764300350,1631,3121280,16008,3898,537
2026-10-06T20:21:17Z,1281592938,3018,314156665,2595344,470912,39614
2026-10-06T20:21:17Z,4836254499,1815,36886472,125329,48733,12556
2026-10-06T20:21:17Z,9705384247,622,32956165,118605,48424,8026
2026-10-06T20:21:17Z,6583326485,2408,139944339,223013,92301,22848
2026-10-06T20:21:17Z,10057403337,5605,235255677,8780031,78626,11211
2026-10-06T20:21:17Z,7935634976,1905,88633020,219090,78929,16919
2026-10-06T20:21:17Z,8795154789,1113,486134700,396014,355833,27147
2026-10-06T20:21:17Z,115797356,770,1238651856,2843601,936962,201785
2026-10-06T20:21:17Z,10733110573,984,4166153,18119,4029,2505
2026-10-06T20:21:17Z,4557322431,1514,59501862,209632,95977,9224
2026-10-06T20:21:17Z,10677698797,3639,7069418,60774,19214,1595
2026-10-06T20:21:17Z,2404080894,2233,2019599109,4117513,1975308,215087
2026-10-06T20:21:17Z,5807622548,1387,325290514,411463,200139,14534
2026-10-06T20:21:17Z,10766349481,1333,3279900,12222,13749,557
2026-10-06T20:21:17Z,6417564879,2336,434912231,418950,135814,25184
2026-10-06T20:21:17Z,10766057873,541,166908,6490,1175,418
2026-10-06T20:21:17Z,5254920366,2857,1155020484,1042133,295123,51027
2026-10-06T20:21:17Z,4807308814,1312,1042081566,878142,346436,56174
2026-10-06T20:21:17Z,10226701629,1422,95988471,350844,142936,11307
2026-10-06T20:21:17Z,4221956550,1098,137769690,835690,179629,24313
2026-10-06T20:21:17Z,4462613685,523,28639247,177470,17839,6015
2026-10-06T20:21:17Z,3761186887,609,437303311,2335019,589471,51649
2026-10-06T20:21:17Z,10565445771,805,33925382,106678,47816,30549
2026-10-06T20:21:17Z,9898409899,533,40400671,236523,68291,15740
2026-10-06T20:21:17Z,3085257211,4353,5136356765,3870378,1537683,303766
2026-10-06T20:21:17Z,972475338,2204,715545648,1890540,502960,82006
2026-10-06T20:21:17Z,8237105425,1365,44010574,929669,346236,7952
2026-10-06T20:21:17Z,6413074235,878,165491224,354386,101816,13122
2026-10-06T20:21:17Z,2643072291,926,98656066,1007888,108439,22334
2026-10-06T20:21:17Z,1318971886,1783,3017210720,4161075,1099597,121832
2026-10-06T20:21:17Z,8503596762,458,3035854,33697,12526,995
2026-10-06T20:21:17Z,4165164803,6421,567511476,571140,183485,57015
2026-10-06T20:21:17Z,10175155684,905,9321697,76697,15439,1508
2026-10-06T20:21:17Z,10561309674,825,1511084,23820,5329,276
2026-10-06T20:21:17Z,10010371086,1007,44213687,148660,57533,2604
2026-10-06T20:21:17Z,10313654312,318,1976830,5778,1203,340
2026-10-06T20:21:17Z,1953956112,323,62573118,885717,45237,5256
2026-10-06T20:21:17Z,10569930060,468,13541308,202710,70014,7689
2026-10-06T20:21:17Z,9671745030,333,17214828,111248,25954,2300
2026-10-06T20:21:17Z,9221949930,657,11152584,271663,9386,1685
2026-10-06T20:21:17Z,9943273705,976,20477661,46715,5951,4972
2026-10-06T20:21:17Z,1784051919,499,232659431,2121740,355089,20980
2026-10-06T20:21:17Z,4723764956,11259,596296225,933900,521133,35040
2026-10-06T20:21:17Z,5367389312,2981,403932293,2078285,168788,14533
2026-10-06T20:21:17Z,4850044287,3575,722088528,1463814,188601,32305
2026-10-06T20:21:17Z,8401518398,4826,119915753,107306,21020,8280
2026-10-06T20:21:17Z,10236023188,1253,124215468,314527,337331,11335
2026-10-06T20:21:17Z,9957338123,3480,56460585,70996,6999,2334
2026-10-06T20:21:17Z,10642548584,673,548060,14076,3539,589
2026-10-06T20:21:17Z,6215464786,1021,438799585,10600101,140894,27788
2026-10-06T20:21:17Z,5620182793,756,599340976,2391276,232450,51982
2026-10-06T20:21:17Z,4908792642,954,1946085629,8520590,947814,293534
2026-10-06T20:21:17Z,7877723741,1075,211956041,216187,82663,47802
2026-10-06T20:21:17Z,9830725726,2448,63684682,71046,13915,4413
2026-10-06T20:21:17Z,9592387369,4228,63499600,196631,83844,19675
2026-10-06T20:21:17Z,3310460039,8219,4722328858,105228617,405178,263416
2026-10-06T20:21:17Z,10124421343,1988,23546397,43668,45415,1134
2026-10-06T20:21:17Z,5385674359,1646,526088785,378211,271232,103308
2026-10-06T20:21:17Z,7364297396,1783,465121819,682368,107397,16574
2026-10-06T20:21:17Z,7948426536,4230,59212122,115660,14010,1693
2026-10-06T20:21:17Z,3264581003,846,120425527,197439,103467,26015
2026-10-06T20:21:17Z,10764412489,873,3737966,189742,6484,4072
2026-10-06T20:21:17Z,7720654467,1749,98249310,261092,40291,4925
2026-10-06T20:21:17Z,10061124506,1201,67292737,162693,240613,12927
2026-10-06T20:21:17Z,9296252245,4730,246111548,15124047,246433,12245
2026-10-06T20:21:17Z,1921509404,1034,260174659,176100,41817,12855
2026-10-06T20:21:17Z,83858907,928,1752353241,4567733,1039332,369543
2026-10-06T20:21:17Z,6153964325,586,192206131,537773,52999,18438
2026-10-06T20:21:17Z,6049736902,932,86364662,116335,67427,7752
2026-10-06T20:21:17Z,10278774552,5893,201763562,348133,67136,18434
2026-10-06T20:21:17Z,1836146838,2320,505897411,1366085,348574,65935
2026-10-06T20:21:17Z,10579389074,1417,22716538,52828,28975,3111
2026-10-06T20:21:17Z,10764794065,2999,2693577,121470,3084,2284
2026-10-06T20:21:17Z,10399125962,3960,124360166,216520,36167,22736
2026-10-06T20:21:17Z,10289201563,3339,84425033,183100,17748,4883
2026-10-06T20:21:17Z,10667006841,1524,12646479,34586,13267,3056
2026-10-06T20:21:17Z,10521797740,4063,56367243,117333,67634,15532
2026-10-06T20:21:17Z,9449993534,1908,55018931,76876,18263,8607
2026-10-06T20:21:17Z,10637759898,1533,33840946,76976,4677,2105
2026-10-06T20:21:17Z,10403820097,3473,40047020,1467195,14715,5056
2026-10-06T20:21:17Z,7592844193,1223,5181191,148338,8779,800
2026-10-06T20:21:17Z,5239362765,2757,398066601,503785,170410,69960
2026-10-06T20:21:17Z,10421901778,6376,20721785,109712,40409,2152
2026-10-06T20:21:17Z,9865931248,1122,2802434,148700,1105,232
2026-10-06T20:21:17Z,7983308985,603,136865538,237712,491156,20152
2026-10-06T20:21:17Z,4170977322,4060,317390923,15923557,358892,30992
2026-10-06T20:21:17Z,10426768719,750,564765,12026,2949,2734
2026-10-06T20:21:17Z,10756780270,2421,4266824,7435,723,197
2026-10-06T20:21:17Z,9520692022,3444,7588737,606956,2633,4251
2026-10-06T20:21:17Z,10302179427,2109,2054786,5320,436,324
2026-10-06T20:21:17Z,6113928308,1130,90320169,476410,137129,10720
2026-10-06T20:21:17Z,10641300771,1151,12686771,100321,8817,1014
2026-10-06T20:21:17Z,8851542818,993,60457311,376854,92205,4278
2026-10-06T20:21:17Z,10764385875,774,3030418,8084,1383,1450
2026-10-06T20:21:17Z,9702840627,358,11609331,201405,164236,5647
2026-10-06T20:21:17Z,5550530788,522,538023112,189851,68398,21706
2026-10-06T20:21:17Z,10753487407,2144,16651270,82513,22562,1173
2026-10-06T20:21:17Z,10628006421,915,6366174,114178,20396,1787
2026-10-06T20:21:17Z,8080493298,1562,261241681,308258,89496,15333
2026-10-06T20:21:17Z,10765718108,361,1812098,47730,9321,1242
2026-10-06T20:21:17Z,10699057921,499,4046780,52069,10440,1585
2026-10-06T20:21:17Z,10380743712,826,11869972,38299,3202,1098
2026-10-06T20:21:17Z,10222476236,7467,41232901,158345,68398,5227
2026-10-06T20:21:17Z,547524060,5050,1468842599,2287690,469723,42857
2026-10-06T20:21:17Z,4540138978,6953,2373583594,67355808,328872,50036
2026-10-06T20:21:17Z,1852226622,10026,2999482714,2747952,730128,198677
2026-10-06T20:21:17Z,10589881655,2850,1992417,6454,4024,261
2026-10-06T20:21:17Z,2065706268,471,163399790,417190,74118,17895
2026-10-06T20:21:17Z,9076692567,392,34562185,156251,41589,8798
2026-10-06T20:21:17Z,9753458401,838,13059353,47259,11938,2285
2026-10-06T20:21:17Z,10066618669,1340,28330352,37327,3958,1713
2026-10-06T20:21:17Z,10267638347,1389,7841995,467077,1559,469
2026-10-06T20:21:17Z,9796643263,434,26654321,977527,5539,1518
2026-10-06T20:21:17Z,2652888345,2021,265184112,127846,21463,5934
2026-10-06T20:21:17Z,8005378926,1026,40569854,831236,7310,1372
2026-10-06T20:21:17Z,9209811415,568,52358727,125076,19004,1849
2026-10-06T20:21:17Z,79301772,3503,504410019,2000952,400657,99002
2026-10-06T20:21:17Z,10763764817,7398,27323183,1049402,14990,2771
2026-10-06T20:21:17Z,9480281767,5341,28861771,138510,18758,4628
2026-10-06T20:21:17Z,10737986845,4648,3259722,110355,3539,364
2026-10-06T20:21:17Z,10236805062,849,777179,27590,5412,623
2026-10-06T20:21:17Z,3267012194,861,327763197,1088681,266347,40312
2026-10-06T20:21:17Z,10762798338,2055,5760637,18998,4263,409
2026-10-06T20:21:17Z,2283649692,737,110513223,259879,78662,29663
2026-10-06T20:21:17Z,1531130248,2773,531617179,859217,363760,43664
2026-10-06T20:21:17Z,7685678300,3813,285838978,762909,334518,20507
2026-10-06T20:21:17Z,2621511041,2129,76142788,280041,65121,26606
2026-10-06T20:21:17Z,10765834825,766,2491626,5089,2917,1525
2026-10-06T20:21:17Z,918677693,1418,311572885,652955,268144,39374
2026-10-06T20:21:17Z,3734304510,1431,441101518,462557,278076,50598
2026-10-06T20:21:17Z,7848204961,419,9762235,85727,13113,1288
2026-10-06T20:21:17Z,6996253752,409,17277880,113240,51261,2212
2026-10-06T20:21:17Z,3262314006,623,549000520,854758,556017,38181
2026-10-06T20:21:17Z,3317679266,2508,5244103619,4438494,3697205,279106
2026-10-06T20:21:17Z,7884563721,621,140314896,875894,238920,28522
2026-10-06T20:21:17Z,2239430935,986,361614173,1136581,237200,20019
2026-10-06T20:21:17Z,7428819247,650,38074237,255378,54497,4490
2026-10-06T20:21:17Z,8316902627,1673,4712446511,2001038,3026507,166561
2026-10-06T20:21:17Z,2491559356,722,89113190,180879,60693,17591
2026-10-06T20:21:17Z,1180269832,640,155303448,882863,370734,30651
2026-10-06T20:21:17Z,833209132,325,100680783,899355,256962,27881
2026-10-06T20:21:17Z,5812546130,734,26093301,65927,22607,5785
2026-10-06T20:21:17Z,3666294218,914,60550885,422395,120964,15548
2026-10-06T20:21:17Z,1147304238,606,612889333,1275632,469480,45981
2026-10-06T20:21:17Z,3204175584,2713,1210436305,1049797,225472,36748
2026-10-06T20:21:17Z,4154513353,803,267643786,532831,192219,43992
2026-10-06T20:21:17Z,5720553711,6092,766436616,3173686,242253,22572
2026-10-06T20:21:17Z,1527252839,381,605134648,2876604,82787,23595
2026-10-06T20:21:17Z,5944821008,2101,61155352,434688,16681,6828
2026-10-06T20:21:17Z,5049569843,328,135383245,533528,146260,7066
2026-10-06T20:21:17Z,7706951053,379,74383485,752453,51569,14493
2026-10-06T20:21:17Z,4263576532,1100,190964181,491493,517998,36257
2026-10-06T20:21:17Z,5012222382,577,1046454248,1825393,695426,96579
2026-10-06T20:21:17Z,5247232141,1470,76488004,3714409,12806,5359
2026-10-06T20:21:17Z,124283622,537,793431048,672693,256093,86655
2026-10-06T20:21:17Z,7005891584,1171,287572396,21697567,138908,10600
2026-10-06T20:21:17Z,2366560560,1647,980873478,2350410,258291,44684
2026-10-06T20:21:17Z,114070244,428,354000777,1221632,276433,57404
2026-10-06T20:21:17Z,6015491985,1348,379781072,231245,89175,11697
2026-10-06T20:21:17Z,5174979552,777,92272771,5573949,337806,12521
2026-10-06T20:21:17Z,5905501282,297,84946519,1756530,108412,25787
2026-10-06T20:21:17Z,3951147015,933,140893386,192947,94454,13936
2026-10-06T20:21:17Z,4408288935,902,55673592,284100,76116,6902
2026-10-06T20:21:17Z,2137105308,639,55049517,171265,39308,13321
2026-10-06T20:21:17Z,7091388561,324,133651653,119244,166915,14222
2026-10-06T20:21:17Z,9199655655,11445,262870721,745636,498206,63038
2026-10-06T20:21:17Z,10701628624,9502,23376734,360119,9083,2165
2026-10-06T20:21:17Z,4452297356,8899,772446782,874059,259529,28506
2026-10-06T20:21:17Z,10144280947,7220,626939802,11942847,2014370,44674
2026-10-06T20:21:17Z,10553704684,6705,5232567,276733,19771,1625
2026-10-06T20:21:17Z,10766138478,6112,16660284,889625,21904,592
2026-10-06T20:21:17Z,2851381018,5976,864448999,1442968,668838,45111
2026-10-06T20:21:17Z,5283219861,5784,367533900,295759,76349,10469
2026-10-06T20:21:17Z,6443367640,5666,715930330,6975678,254869,20641
2026-10-06T20:21:17Z,7996365376,5763,447702736,489106,206241,28091
2026-10-06T20:21:17Z,9491545867,4847,128272168,1268232,29548,6644
2026-10-06T20:21:17Z,2274830359,5118,3039769185,2072397,311437,104124
2026-10-06T20:21:17Z,8160348242,4992,211163049,4752706,144087,15323
2026-10-06T20:21:17Z,3945578236,4554,111180788,105095,27849,12698
2026-10-06T20:21:17Z,9490116046,4860,146199987,6529188,10316,5503
2026-10-06T20:21:17Z,10717199977,4755,14716952,355161,7278,1383
2026-10-06T20:21:17Z,4924789901,4676,119264992,173696,37572,5401
2026-10-06T20:21:17Z,10764839604,4028,5757293,33286,25434,596
2026-10-06T20:21:17Z,8307114974,4638,399245341,255111,100789,16506
2026-10-06T20:21:17Z,2435789930,4434,2943497742,2337501,875853,106570
2026-10-06T20:21:17Z,10123059921,4170,197727355,565642,184248,9929
2026-10-06T20:21:17Z,7058980030,3913,633134884,1058199,679217,34445
2026-10-06T20:21:17Z,4925331346,3830,329138654,516619,236124,9685
2026-10-06T20:21:17Z,9145063979,3770,591158616,613802,1126708,25599
2026-10-06T20:21:17Z,8539298853,3647,1300706128,1830286,383299,43176
2026-10-06T20:21:17Z,9296042754,3543,87691820,416311,188415,4386
2026-10-06T20:21:17Z,4523856444,3648,1364943154,1739346,1634191,180247
2026-10-06T20:21:17Z,10690942083,3630,10621683,12975,3308,821
2026-10-06T20:21:17Z,10714746778,3612,16865921,702294,118517,3929
2026-10-06T20:21:17Z,10696894951,3436,19879012,31214,9676,1914
2026-10-06T20:21:17Z,7822444776,3267,764925692,496357,204460,34881
2026-10-06T20:21:17Z,7497471789,3382,94709394,307326,150155,5130
2026-10-06T20:21:17Z,1230230722,3495,2835426687,3429134,945017,94012
2026-10-06T20:21:17Z,9472441390,3063,293657294,282321,215237,9176
2026-10-06T20:21:17Z,7434179990,3295,256162009,8951637,389965,13308
2026-10-06T20:21:17Z,6353751159,3205,136196253,227925,106144,5410
2026-10-06T20:21:17Z,4689722433,3127,625638271,769490,237990,23370
2026-10-06T20:21:17Z,10758397570,3320,13783110,28757,13927,350
2026-10-06T20:21:17Z,5351168809,3110,99093975,99750,8788,2495
2026-10-06T20:21:17Z,9741874508,3226,112295759,5807887,81508,6019
2026-10-06T20:21:17Z,9780429221,3197,81133163,1271240,55301,11924
2026-10-06T20:21:17Z,5265857965,3181,509193632,5775096,476453,72664
2026-10-06T20:21:17Z,10308844888,3082,1739171,2650,299,67
2026-10-06T20:21:17Z,10628223804,2918,11753733,6105,15235,888
2026-10-06T20:21:17Z,10458789587,3023,17209596,60861,30140,4794
2026-10-06T20:21:17Z,5451143054,2916,255655945,3592324,262003,55329
2026-10-06T20:21:17Z,10520829450,2855,38798467,66084,34192,2188
2026-10-06T20:21:17Z,10765032875,2996,7736019,11725,1374,276
2026-10-06T20:21:17Z,10057343903,2786,111495851,4313397,216402,11863
2026-10-06T20:21:17Z,2157872230,2939,1295721711,2179337,633680,171623
2026-10-06T20:21:17Z,7623259179,2809,87232305,294753,123972,8211
2026-10-06T20:21:17Z,1359573625,2902,1642041223,1041391,412916,65617
2026-10-06T20:21:17Z,10152905521,2612,87331205,100839,68268,1975
2026-10-06T20:21:17Z,10286150288,3062,55953814,59577,16331,5676
2026-10-06T20:21:17Z,2754593977,2786,755297423,1000370,210676,34085
2026-10-06T20:21:17Z,3448264866,2689,70448910,356702,131566,6974
2026-10-06T20:21:17Z,1489026993,2752,2692447809,4370240,1025782,110786
2026-10-06T20:21:17Z,6369934270,2518,807184565,9676458,374014,59366
2026-10-06T20:21:17Z,7127084123,2676,161012208,344176,156956,15299
2026-10-06T20:21:17Z,10577682617,2672,36576312,86605,39464,3999
2026-10-06T20:21:17Z,10598688389,2805,7419461,31348,12074,4487
2026-10-06T20:21:17Z,10534873486,2614,10524338,341382,7181,685
2026-10-06T20:21:17Z,8342498724,2658,54952303,109350,80242,3192
2026-10-06T20:21:17Z,9803970239,2743,59121488,60120,23497,9756
2026-10-06T20:21:17Z,7155018773,2709,177243651,3918815,24384,5447
2026-10-06T20:21:17Z,9506013695,2647,123311639,430744,74240,10842
2026-10-06T20:21:17Z,10766135603,2672,3847938,277106,9338,385
2026-10-06T20:21:17Z,1648496580,2760,239099514,278500,73353,16964
2026-10-06T20:21:17Z,9363735110,2526,5728298068,2065210,1941806,393800
2026-10-06T20:21:17Z,2369077151,2758,429511463,11358684,456210,18438
2026-10-06T20:21:17Z,3754482795,2661,1299804261,4619212,354053,44276
2026-10-06T20:21:17Z,10131390815,2539,91268629,145655,191739,4675
2026-10-06T20:21:17Z,6017624138,2178,132293845,809886,41224,4175
2026-10-06T20:21:17Z,6128091457,2584,398926667,44165092,157094,11458
2026-10-06T20:21:17Z,4944984948,2368,305887171,180771,8752,4072
2026-10-06T20:21:17Z,10244001346,2506,121718889,129520,34190,3016
2026-10-06T20:21:17Z,8752324161,2603,235656706,134671,22150,10451
2026-10-06T20:21:17Z,10096155511,2606,67609011,159826,49780,5852
2026-10-06T20:21:17Z,2023680558,2473,1583655420,1824663,402228,78909
2026-10-06T20:21:17Z,2583564222,2416,1120220303,4157936,362707,85726
2026-10-06T20:21:17Z,10310563053,2511,49609964,77097,74750,17941
2026-10-06T20:21:17Z,605887098,2648,2531823444,3726712,1529868,116658
2026-10-06T20:21:17Z,1776914212,2572,3007833488,2994443,642628,218745
2026-10-06T20:21:17Z,9877481048,2631,26429158,65219,25892,3175
2026-10-06T20:21:17Z,2626227051,2372,1108257904,1070499,500242,80600
2026-10-06T20:21:17Z,7843413523,2360,150424583,589887,167873,10679
2026-10-06T20:21:17Z,4053293514,2479,333560651,888063,237929,14203
2026-10-06T20:21:17Z,9807649116,2434,192010802,372121,249550,10224
2026-10-06T20:21:17Z,6505338302,2490,133776099,98262,70319,10826
2026-10-06T20:21:17Z,10455741150,2367,16813691,33890,13919,4610
2026-10-06T20:21:17Z,5508238359,2435,118080730,1998047,65931,20690
2026-10-06T20:21:17Z,2360092394,2210,345152122,9051835,147351,15774
2026-10-06T20:21:17Z,2589957623,2254,638199845,9002001,123112,19086
2026-10-06T20:21:17Z,10418117926,2292,24548553,127875,48222,2585
2026-10-06T20:21:17Z,8791358380,2206,465183461,14055181,296867,15838
2026-10-06T20:21:17Z,2729513759,2203,1716782792,2317228,493982,77407
2026-10-06T20:21:17Z,3187874989,2364,188725627,251951,85963,14504
2026-10-06T20:21:17Z,16680835,2097,551103041,2792134,599799,48324
2026-10-06T20:21:17Z,10724269636,2178,13592327,27369,22090,1218
2026-10-06T20:21:17Z,10649255304,2146,46402245,2717919,17687,2473
2026-10-06T20:21:17Z,10255788071,2126,13955363,39922,18762,2572
2026-10-06T20:21:17Z,4998493959,2136,262513769,19658682,6348,4379
2026-10-06T20:21:17Z,10329489265,2186,36307311,2662974,4711,916
2026-10-06T20:21:17Z,1954152886,2215,169564973,251302,64058,9108
2026-10-06T20:21:17Z,9735583968,2155,155075110,425353,120719,10134
2026-10-06T20:21:17Z,10766440903,2138,639712,3134,427,252
2026-10-06T20:21:17Z,1851087906,2149,120824301,436834,126170,49973
2026-10-06T20:21:17Z,2979369058,2119,181824685,284924,93098,19859
2026-10-06T20:21:17Z,10232686472,2096,73974111,357587,62221,6154
2026-10-06T20:21:17Z,4686994428,2232,204631241,6640656,44158,6238
2026-10-06T20:21:17Z,7917550094,2177,186059252,160314,33856,5644
2026-10-06T20:21:17Z,10576739951,2129,37194852,337713,23132,4257
2026-10-06T20:21:17Z,6136243726,2025,296981766,185856,25471,13095
2026-10-06T20:21:17Z,10127797448,2045,224589445,6084851,49308,8346
2026-10-06T20:21:17Z,6751447237,2033,156628385,352499,262745,8997
2026-10-06T20:21:17Z,10013279162,2059,62272901,103038,7599,13771
2026-10-06T20:21:17Z,1668992109,2116,814237086,1045945,324094,66220
2026-10-06T20:21:17Z,7194739190,1958,552364988,324927,28772,18584
2026-10-06T20:21:17Z,10269820836,1830,28565639,9895,11393,1949
2026-10-06T20:21:17Z,3079618996,1998,815396872,1157891,305267,41532
2026-10-06T20:21:17Z,9549278601,1927,11191784,846452,1895,836
2026-10-06T20:21:17Z,9481391333,2033,37513599,758165,11503,3604
2026-10-06T20:21:17Z,10757498504,1961,13125924,37842,19473,634
2026-10-06T20:21:17Z,10394064134,2123,28680367,2090481,7735,3071
2026-10-06T20:21:17Z,2294168059,1897,1258876439,3399934,1130742,125399
2026-10-06T20:21:17Z,2821905072,2021,280663877,5797126,218729,8048
2026-10-06T20:21:17Z,7780633647,1784,431957355,338622,96305,19160
2026-10-06T20:21:17Z,6568417585,2011,224816269,1072285,174246,13005
2026-10-06T20:21:17Z,4595016786,1932,614862147,770424,103813,14557
2026-10-06T20:21:17Z,7787359931,1884,148848687,160363,98785,8421
2026-10-06T20:21:17Z,7960300951,1952,201469377,7782465,375386,17291
2026-10-06T20:21:17Z,5887211857,1878,305707919,218082,40472,5655
2026-10-06T20:21:17Z,10690360998,1930,101936163,124365,93660,6391
