date,universe_id,query,videos,views,top_video_id,top_video_views
2026-10-09,10764627709,roblox Huss Valley,50,9587044,6ZYuTahKbpY,2610380
2026-10-09,10765288803,roblox Break and Steal an Egg,50,42073023,HuZcLRIi7cQ,4989763
2026-10-09,10708913337,roblox Anime Dice,50,795110,tzWlmtBMc7g,157081
2026-10-09,10684750879,roblox +1 Loot To Forge,50,3918482,sHRULJ7cRRo,538017
2026-10-09,10765298801,roblox +1 Stone Skipping,50,4712893,Iz3ZJ0mHFaw,1397435
2026-10-09,10685282333,roblox Ball VS Ball,50,27430439,eE9aQrGQoHc,8972220
2026-10-09,10767825538,roblox Sarab,50,7424705,3KKghre-aeY,1048337
2026-10-09,10766056678,roblox Steal Animal Egg,50,47165360,cWJ6P3yqAD8,7628320
2026-10-09,10767634248,roblox Firefighting Sim,50,176010,uyd-izR3wss,49356
2026-10-09,10766506199,roblox 7 Days Cat-Sitting,50,9530238,52cC8oFcXIo,1354628
2026-10-09,10767408330,roblox Peel THE Potato,50,1282786,SQPKvebU5uM,247694
2026-10-09,10744310825,roblox Paint to Get Rich,50,783147,quIhAZngQ5w,321871
2026-10-09,10765012427,roblox Build the Pyramid!,50,5655915,MgIR7UU9kqU,1033360
2026-10-09,10673920146,roblox Survive a Million Monkeys,50,195842,-0CKCQ2BAh0,59142
2026-10-09,10756011174,roblox Search For The Needle,50,4560494,LhOoY9-apMc,1966547
2026-10-09,10765686447,roblox Steal ASMR!,50,17604401,kui9te80hrg,4641624
2026-10-09,10741654282,roblox Build and Kill Zombies,50,1962821,-RkcCsCoWQU,631632
2026-10-09,10681914462,roblox +1 Tongue Escape,50,11480651,cHPgpbsnlWI,1580759
2026-10-09,10768023539,roblox Makeup Mania!,50,1591848,ZKtFxmdDXN0,640856
