universe_id,active,last_ccu,peak_ccu,last_seen,last_checked,below_floor_since,misses
47545,1,,,,2026-10-06T20:21:17Z,,1
65241,1,6516,6516,2026-10-06T20:21:17Z,2026-10-06T20:21:17Z,,0
2471084,1,6204,6204,2026-10-06T20:21:17Z,2026-10-06T20:21:17Z,,0
16680835,1,2097,2097,2026-10-06T20:21:17Z,2026-10-06T20:21:17Z,,0
21164849,1,,,,2026-10-06T20:21:17Z,,1
31970568,1,3500,3500,2026-10-06T20:21:17Z,2026-10-06T20:21:17Z,,0
66654135,1,178584,178584,2026-10-06T20:21:17Z,2026-10-06T20:21:17Z,,0
73885730,1,,,,2026-10-06T20:21:17Z,,1
79301772,1,3503,3503,2026-10-06T20:21:17Z,2026-10-06T20:21:17Z,,0
83858907,1,928,928,2026-10-06T20:21:17Z,2026-10-06T20:21:17Z,,0
88070565,1,16389,16389,2026-10-06T20:21:17Z,2026-10-06T20:21:17Z,,0
98929893,1,1806,1806,2026-10-06T20:21:17Z,2026-10-06T20:21:17Z,,0
110181652,1,1976,1976,2026-10-06T20:21:17Z,2026-10-06T20:21:17Z,,0
111958650,1,2866,2866,2026-10-06T20:21:17Z,2026-10-06T20:21:17Z,,0
113491250,1,2629,2629,2026-10-06T20:21:17Z,2026-10-06T20:21:17Z,,0
114070244,1,428,428,2026-10-06T20:21:17Z,2026-10-06T20:21:17Z,,0
114967577,1,907,907,2026-10-06T20:21:17Z,2026-10-06T20:21:17Z,,0
115797356,1,770,770,2026-10-06T20:21:17Z,2026-10-06T20:21:17Z,,0
123956318,1,355,355,2026-10-06T20:21:17Z,2026-10-06T20:21:17Z,,0
124283622,1,537,537,2026-10-06T20:21:17Z,2026-10-06T20:21:17Z,,0
184199275,1,10596,10596,2026-10-06T20:21:17Z,2026-10-06T20:21:17Z,,0
210851291,1,10168,10168,2026-10-06T20:21:17Z,2026-10-06T20:21:17Z,,0
245662005,1,6286,6286,2026-10-06T20:21:17Z,2026-10-06T20:21:17Z,,0
274816972,1,,,,2026-10-06T20:21:17Z,,1
321778215,1,8470,8470,2026-10-06T20:21:17Z,2026-10-06T20:21:17Z,,0
358276974,1,,,,2026-10-06T20:21:17Z,,1
371263894,1,6074,6074,2026-10-06T20:21:17Z,2026-10-06T20:21:17Z,,0
372226183,1,20424,20424,2026-10-06T20:21:17Z,2026-10-06T20:21:17Z,,0
383310974,1,209242,209242,2026-10-06T20:21:17Z,2026-10-06T20:21:17Z,,0
547524060,1,5050,5050,2026-10-06T20:21:17Z,2026-10-06T20:21:17Z,,0
578392296,1,14763,14763,2026-10-06T20:21:17Z,2026-10-06T20:21:17Z,,0
601130232,1,25258,25258,2026-10-06T20:21:17Z,2026-10-06T20:21:17Z,,0
605887098,1,2648,2648,2026-10-06T20:21:17Z,2026-10-06T20:21:17Z,,0
648454481,1,18907,18907,2026-10-06T20:21:17Z,2026-10-06T20:21:17Z,,0
703124385,1,23733,23733,2026-10-06T20:21:17Z,2026-10-06T20:21:17Z,,0
833209132,1,325,325,2026-10-06T20:21:17Z,2026-10-06T20:21:17Z,,0
850110028,1,3513,3513,2026-10-06T20:21:17Z,2026-10-06T20:21:17Z,,0
892043755,1,2429,2429,2026-10-06T20:21:17Z,2026-10-06T20:21:17Z,,0
903807016,1,7490,7490,2026-10-06T20:21:17Z,2026-10-06T20:21:17Z,,0
911750776,1,2751,2751,2026-10-06T20:21:17Z,2026-10-06T20:21:17Z,,0
918677693,1,1418,1418,2026-10-06T20:21:17Z,2026-10-06T20:21:17Z,,0
972475338,1,2204,2204,2026-10-06T20:21:17Z,2026-10-06T20:21:17Z,,0
985731078,1,1655,1655,2026-10-06T20:21:17Z,2026-10-06T20:21:17Z,,0
994732206,1,144322,144322,2026-10-06T20:21:17Z,2026-10-06T20:21:17Z,,0
1000233041,1,5984,5984,2026-10-06T20:21:17Z,2026-10-06T20:21:17Z,,0
1001911915,1,1253,1253,2026-10-06T20:21:17Z,2026-10-06T20:21:17Z,,0
1008451066,1,2746,2746,2026-10-06T20:21:17Z,2026-10-06T20:21:17Z,,0
1016936714,1,6676,6676,2026-10-06T20:21:17Z,2026-10-06T20:21:17Z,,0
1054526971,1,3217,3217,2026-10-06T20:21:17Z,2026-10-06T20:21:17Z,,0
1087859240,1,1282,1282,2026-10-06T20:21:17Z,2026-10-06T20:21:17Z,,0
1147304238,1,606,606,2026-10-06T20:21:17Z,2026-10-06T20:21:17Z,,0
1165835263,1,356,356,2026-10-06T20:21:17Z,2026-10-06T20:21:17Z,,0
1176784616,1,9766,9766,2026-10-06T20:21:17Z,2026-10-06T20:21:17Z,,0
1180269832,1,640,640,2026-10-06T20:21:17Z,2026-10-06T20:21:17Z,,0
1198533421,1,656,656,2026-10-06T20:21:17Z,2026-10-06T20:21:17Z,,0
1202096104,1,16794,16794,2026-10-06T20:21:17Z,2026-10-06T20:21:17Z,,0
1230230722,1,3495,3495,2026-10-06T20:21:17Z,2026-10-06T20:21:17Z,,0
1235188606,1,6276,6276,2026-10-06T20:21:17Z,2026-10-06T20:21:17Z,,0
1268927906,1,5547,5547,2026-10-06T20:21:17Z,2026-10-06T20:21:17Z,,0
1271059807,1,1629,1629,2026-10-06T20:21:17Z,2026-10-06T20:21:17Z,,0
1278035280,1,5837,5837,2026-10-06T20:21:17Z,2026-10-06T20:21:17Z,,0
1281592938,1,3018,3018,2026-10-06T20:21:17Z,2026-10-06T20:21:17Z,,0
1312971993,1,1534,1534,2026-10-06T20:21:17Z,2026-10-06T20:21:17Z,,0
1318971886,1,1783,1783,2026-10-06T20:21:17Z,2026-10-06T20:21:17Z,,0
1359573625,1,2902,2902,2026-10-06T20:21:17Z,2026-10-06T20:21:17Z,,0
1390601379,1,1603,1603,2026-10-06T20:21:17Z,2026-10-06T20:21:17Z,,0
1393178180,1,719,719,2026-10-06T20:21:17Z,2026-10-06T20:21:17Z,,0
1451439645,1,3895,3895,2026-10-06T20:21:17Z,2026-10-06T20:21:17Z,,0
1489026993,1,2752,2752,2026-10-06T20:21:17Z,2026-10-06T20:21:17Z,,0
1494262959,1,1748,1748,2026-10-06T20:21:17Z,2026-10-06T20:21:17Z,,0
1511883870,1,,,,2026-10-06T20:21:17Z,,1
1516533665,1,18419,18419,2026-10-06T20:21:17Z,2026-10-06T20:21:17Z,,0
1525626450,1,5637,5637,2026-10-06T20:21:17Z,2026-10-06T20:21:17Z,,0
1526814825,1,7711,7711,2026-10-06T20:21:17Z,2026-10-06T20:21:17Z,,0
1527252839,1,381,381,2026-10-06T20:21:17Z,2026-10-06T20:21:17Z,,0
1531130248,1,2773,2773,2026-10-06T20:21:17Z,2026-10-06T20:21:17Z,,0
1648496580,1,2760,2760,2026-10-06T20:21:17Z,2026-10-06T20:21:17Z,,0
1668992109,1,2116,2116,2026-10-06T20:21:17Z,2026-10-06T20:21:17Z,,0
1686885941,1,286350,286350,2026-10-06T20:21:17Z,2026-10-06T20:21:17Z,,0
1709917610,1,1259,1259,2026-10-06T20:21:17Z,2026-10-06T20:21:17Z,,0
1718755273,1,527,527,2026-10-06T20:21:17Z,2026-10-06T20:21:17Z,,0
1719305066,1,610,610,2026-10-06T20:21:17Z,2026-10-06T20:21:17Z,,0
1720936166,1,1620,1620,2026-10-06T20:21:17Z,2026-10-06T20:21:17Z,,0
1742264997,1,1589,1589,2026-10-06T20:21:17Z,2026-10-06T20:21:17Z,,0
1775919872,1,450,450,2026-10-06T20:21:17Z,2026-10-06T20:21:17Z,,0
1776914212,1,2572,2572,2026-10-06T20:21:17Z,2026-10-06T20:21:17Z,,0
1782832995,1,1213,1213,2026-10-06T20:21:17Z,2026-10-06T20:21:17Z,,0
1784051919,1,499,499,2026-10-06T20:21:17Z,2026-10-06T20:21:17Z,,0
1802741133,1,2283,2283,2026-10-06T20:21:17Z,2026-10-06T20:21:17Z,,0
1831550657,1,17656,17656,2026-10-06T20:21:17Z,2026-10-06T20:21:17Z,,0
1836146838,1,2320,2320,2026-10-06T20:21:17Z,2026-10-06T20:21:17Z,,0
1851087906,1,2149,2149,2026-10-06T20:21:17Z,2026-10-06T20:21:17Z,,0
1852226622,1,10026,10026,2026-10-06T20:21:17Z,2026-10-06T20:21:17Z,,0
1921509404,1,1034,1034,2026-10-06T20:21:17Z,2026-10-06T20:21:17Z,,0
1946714362,1,2818,2818,2026-10-06T20:21:17Z,2026-10-06T20:21:17Z,,0
1953956112,1,323,323,2026-10-06T20:21:17Z,2026-10-06T20:21:17Z,,0
1954152886,1,2215,2215,2026-10-06T20:21:17Z,2026-10-06T20:21:17Z,,0
2023680558,1,2473,2473,2026-10-06T20:21:17Z,2026-10-06T20:21:17Z,,0
2065706268,1,471,471,2026-10-06T20:21:17Z,2026-10-06T20:21:17Z,,0
2092410051,1,1428,1428,2026-10-06T20:21:17Z,2026-10-06T20:21:17Z,,0
2137105308,1,639,639,2026-10-06T20:21:17Z,2026-10-06T20:21:17Z,,0
2153167977,1,772,772,2026-10-06T20:21:17Z,2026-10-06T20:21:17Z,,0
2157872230,1,2939,2939,2026-10-06T20:21:17Z,2026-10-06T20:21:17Z,,0
2239430935,1,986,986,2026-10-06T20:21:17Z,2026-10-06T20:21:17Z,,0
2251388500,1,1817,1817,2026-10-06T20:21:17Z,2026-10-06T20:21:17Z,,0
2274830359,1,5118,5118,2026-10-06T20:21:17Z,2026-10-06T20:21:17Z,,0
2283649692,1,737,737,2026-10-06T20:21:17Z,2026-10-06T20:21:17Z,,0
2294168059,1,1897,1897,2026-10-06T20:21:17Z,2026-10-06T20:21:17Z,,0
2309918273,1,1445,1445,2026-10-06T20:21:17Z,2026-10-06T20:21:17Z,,0
2324662457,1,1844,1844,2026-10-06T20:21:17Z,2026-10-06T20:21:17Z,,0
2350840700,1,,,,2026-10-06T20:21:17Z,,1
2360092394,1,2210,2210,2026-10-06T20:21:17Z,2026-10-06T20:21:17Z,,0
2366560560,1,1647,1647,2026-10-06T20:21:17Z,2026-10-06T20:21:17Z,,0
2369077151,1,2758,2758,2026-10-06T20:21:17Z,2026-10-06T20:21:17Z,,0
2380077519,1,6050,6050,2026-10-06T20:21:17Z,2026-10-06T20:21:17Z,,0
2404080894,1,2233,2233,2026-10-06T20:21:17Z,2026-10-06T20:21:17Z,,0
2435789930,1,4434,4434,2026-10-06T20:21:17Z,2026-10-06T20:21:17Z,,0
2440500124,1,48171,48171,2026-10-06T20:21:17Z,2026-10-06T20:21:17Z,,0
2491559356,1,722,722,2026-10-06T20:21:17Z,2026-10-06T20:21:17Z,,0
2527789729,1,2093,2093,2026-10-06T20:21:17Z,2026-10-06T20:21:17Z,,0
2583564222,1,2416,2416,2026-10-06T20:21:17Z,2026-10-06T20:21:17Z,,0
2589957623,1,2254,2254,2026-10-06T20:21:17Z,2026-10-06T20:21:17Z,,0
2619619496,1,19039,19039,2026-10-06T20:21:17Z,2026-10-06T20:21:17Z,,0
2621511041,1,2129,2129,2026-10-06T20:21:17Z,2026-10-06T20:21:17Z,,0
2626227051,1,2372,2372,2026-10-06T20:21:17Z,2026-10-06T20:21:17Z,,0
2640407187,1,1031,1031,2026-10-06T20:21:17Z,2026-10-06T20:21:17Z,,0
2643072291,1,926,926,2026-10-06T20:21:17Z,2026-10-06T20:21:17Z,,0
2644656496,1,868,868,2026-10-06T20:21:17Z,2026-10-06T20:21:17Z,,0
2652888345,1,2021,2021,2026-10-06T20:21:17Z,2026-10-06T20:21:17Z,,0
2668101271,1,18798,18798,2026-10-06T20:21:17Z,2026-10-06T20:21:17Z,,0
2682938349,1,4960,4960,2026-10-06T20:21:17Z,2026-10-06T20:21:17Z,,0
2711375305,1,56962,56962,2026-10-06T20:21:17Z,2026-10-06T20:21:17Z,,0
2729513759,1,2203,2203,2026-10-06T20:21:17Z,2026-10-06T20:21:17Z,,0
2754593977,1,2786,2786,2026-10-06T20:21:17Z,2026-10-06T20:21:17Z,,0
2765784373,1,3286,3286,2026-10-06T20:21:17Z,2026-10-06T20:21:17Z,,0
2783797267,1,12593,12593,2026-10-06T20:21:17Z,2026-10-06T20:21:17Z,,0
2788648141,1,1945,1945,2026-10-06T20:21:17Z,2026-10-06T20:21:17Z,,0
2821905072,1,2021,2021,2026-10-06T20:21:17Z,2026-10-06T20:21:17Z,,0
2822776643,1,3397,3397,2026-10-06T20:21:17Z,2026-10-06T20:21:17Z,,0
2851381018,1,5976,5976,2026-10-06T20:21:17Z,2026-10-06T20:21:17Z,,0
2862098693,1,2303,2303,2026-10-06T20:21:17Z,2026-10-06T20:21:17Z,,0
2936053166,1,10331,10331,2026-10-06T20:21:17Z,2026-10-06T20:21:17Z,,0
2979369058,1,2119,2119,2026-10-06T20:21:17Z,2026-10-06T20:21:17Z,,0
2992873140,1,7060,7060,2026-10-06T20:21:17Z,2026-10-06T20:21:17Z,,0
3012965062,1,,,,2026-10-06T20:21:17Z,,1
3047037061,1,1565,1565,2026-10-06T20:21:17Z,2026-10-06T20:21:17Z,,0
3079618996,1,1998,1998,2026-10-06T20:21:17Z,2026-10-06T20:21:17Z,,0
3085257211,1,4353,4353,2026-10-06T20:21:17Z,2026-10-06T20:21:17Z,,0
3110388936,1,2650,2650,2026-10-06T20:21:17Z,2026-10-06T20:21:17Z,,0
3164075108,1,2666,2666,2026-10-06T20:21:17Z,2026-10-06T20:21:17Z,,0
3168615253,1,1359,1359,2026-10-06T20:21:17Z,2026-10-06T20:21:17Z,,0
3170483284,1,814,814,2026-10-06T20:21:17Z,2026-10-06T20:21:17Z,,0
3183403065,1,1947,1947,2026-10-06T20:21:17Z,2026-10-06T20:21:17Z,,0
3187874989,1,2364,2364,2026-10-06T20:21:17Z,2026-10-06T20:21:17Z,,0
3204175584,1,2713,2713,2026-10-06T20:21:17Z,2026-10-06T20:21:17Z,,0
3232838484,1,375,375,2026-10-06T20:21:17Z,2026-10-06T20:21:17Z,,0
3240075297,1,40844,40844,2026-10-06T20:21:17Z,2026-10-06T20:21:17Z,,0
3262314006,1,623,623,2026-10-06T20:21:17Z,2026-10-06T20:21:17Z,,0
3264581003,1,846,846,2026-10-06T20:21:17Z,2026-10-06T20:21:17Z,,0
3267012194,1,861,861,2026-10-06T20:21:17Z,2026-10-06T20:21:17Z,,0
3289847355,1,355,355,2026-10-06T20:21:17Z,2026-10-06T20:21:17Z,,0
3308103880,1,6605,6605,2026-10-06T20:21:17Z,2026-10-06T20:21:17Z,,0
3310460039,1,8219,8219,2026-10-06T20:21:17Z,2026-10-06T20:21:17Z,,0
3317679266,1,2508,2508,2026-10-06T20:21:17Z,2026-10-06T20:21:17Z,,0
3317771874,1,53261,53261,2026-10-06T20:21:17Z,2026-10-06T20:21:17Z,,0
3359505957,1,2973,2973,2026-10-06T20:21:17Z,2026-10-06T20:21:17Z,,0
3405618667,1,3186,3186,2026-10-06T20:21:17Z,2026-10-06T20:21:17Z,,0
3419284255,1,2494,2494,2026-10-06T20:21:17Z,2026-10-06T20:21:17Z,,0
3448264866,1,2689,2689,2026-10-06T20:21:17Z,2026-10-06T20:21:17Z,,0
3457700596,1,,,,2026-10-06T20:21:17Z,,1
3476371299,1,369,369,2026-10-06T20:21:17Z,2026-10-06T20:21:17Z,,0
3508322461,1,103345,103345,2026-10-06T20:21:17Z,2026-10-06T20:21:17Z,,0
3541611379,1,5198,5198,2026-10-06T20:21:17Z,2026-10-06T20:21:17Z,,0
3608594708,1,1493,1493,2026-10-06T20:21:17Z,2026-10-06T20:21:17Z,,0
3634139746,1,,,,2026-10-06T20:21:17Z,,1
3647333358,1,22084,22084,2026-10-06T20:21:17Z,2026-10-06T20:21:17Z,,0
3666294218,1,914,914,2026-10-06T20:21:17Z,2026-10-06T20:21:17Z,,0
3730079862,1,3855,3855,2026-10-06T20:21:17Z,2026-10-06T20:21:17Z,,0
3734304510,1,1431,1431,2026-10-06T20:21:17Z,2026-10-06T20:21:17Z,,0
3747388906,1,1073,1073,2026-10-06T20:21:17Z,2026-10-06T20:21:17Z,,0
3754482795,1,2661,2661,2026-10-06T20:21:17Z,2026-10-06T20:21:17Z,,0
3761186887,1,609,609,2026-10-06T20:21:17Z,2026-10-06T20:21:17Z,,0
3808081382,1,36737,36737,2026-10-06T20:21:17Z,2026-10-06T20:21:17Z,,0
3808223175,1,1256,1256,2026-10-06T20:21:17Z,2026-10-06T20:21:17Z,,0
3837114739,1,997,997,2026-10-06T20:21:17Z,2026-10-06T20:21:17Z,,0
3913007563,1,1847,1847,2026-10-06T20:21:17Z,2026-10-06T20:21:17Z,,0
3936365689,1,1430,1430,2026-10-06T20:21:17Z,2026-10-06T20:21:17Z,,0
3945578236,1,4554,4554,2026-10-06T20:21:17Z,2026-10-06T20:21:17Z,,0
3951147015,1,933,933,2026-10-06T20:21:17Z,2026-10-06T20:21:17Z,,0
3990106548,1,5494,5494,2026-10-06T20:21:17Z,2026-10-06T20:21:17Z,,0
4049246711,1,10323,10323,2026-10-06T20:21:17Z,2026-10-06T20:21:17Z,,0
4053293514,1,2479,2479,2026-10-06T20:21:17Z,2026-10-06T20:21:17Z,,0
4150150482,1,450,450,2026-10-06T20:21:17Z,2026-10-06T20:21:17Z,,0
4154513353,1,803,803,2026-10-06T20:21:17Z,2026-10-06T20:21:17Z,,0
4165164803,1,6421,6421,2026-10-06T20:21:17Z,2026-10-06T20:21:17Z,,0
4170977322,1,4060,4060,2026-10-06T20:21:17Z,2026-10-06T20:21:17Z,,0
4181957649,1,1897,1897,2026-10-06T20:21:17Z,2026-10-06T20:21:17Z,,0
4201418016,1,504,504,2026-10-06T20:21:17Z,2026-10-06T20:21:17Z,,0
4221956550,1,1098,1098,2026-10-06T20:21:17Z,2026-10-06T20:21:17Z,,0
4260784961,1,1480,1480,2026-10-06T20:21:17Z,2026-10-06T20:21:17Z,,0
4263576532,1,1100,1100,2026-10-06T20:21:17Z,2026-10-06T20:21:17Z,,0
4293374620,1,8951,8951,2026-10-06T20:21:17Z,2026-10-06T20:21:17Z,,0
4342047058,1,4661,4661,2026-10-06T20:21:17Z,2026-10-06T20:21:17Z,,0
4348829796,1,7037,7037,2026-10-06T20:21:17Z,2026-10-06T20:21:17Z,,0
4408288935,1,902,902,2026-10-06T20:21:17Z,2026-10-06T20:21:17Z,,0
4420562665,1,8373,8373,2026-10-06T20:21:17Z,2026-10-06T20:21:17Z,,0
4452297356,1,8899,8899,2026-10-06T20:21:17Z,2026-10-06T20:21:17Z,,0
4457060041,1,926,926,2026-10-06T20:21:17Z,2026-10-06T20:21:17Z,,0
4462613685,1,523,523,2026-10-06T20:21:17Z,2026-10-06T20:21:17Z,,0
4497460596,1,839,839,2026-10-06T20:21:17Z,2026-10-06T20:21:17Z,,0
4518160318,1,3108,3108,2026-10-06T20:21:17Z,2026-10-06T20:21:17Z,,0
4523856444,1,3648,3648,2026-10-06T20:21:17Z,2026-10-06T20:21:17Z,,0
4540138978,1,6953,6953,2026-10-06T20:21:17Z,2026-10-06T20:21:17Z,,0
4557322431,1,1514,1514,2026-10-06T20:21:17Z,2026-10-06T20:21:17Z,,0
4568630521,1,4237,4237,2026-10-06T20:21:17Z,2026-10-06T20:21:17Z,,0
4582358979,1,1671,1671,2026-10-06T20:21:17Z,2026-10-06T20:21:17Z,,0
4595016786,1,1932,1932,2026-10-06T20:21:17Z,2026-10-06T20:21:17Z,,0
4658598196,1,12592,12592,2026-10-06T20:21:17Z,2026-10-06T20:21:17Z,,0
4673599750,1,,,,2026-10-06T20:21:17Z,,1
4676287985,1,480,480,2026-10-06T20:21:17Z,2026-10-06T20:21:17Z,,0
4686994428,1,2232,2232,2026-10-06T20:21:17Z,2026-10-06T20:21:17Z,,0
4689722433,1,3127,3127,2026-10-06T20:21:17Z,2026-10-06T20:21:17Z,,0
4723764956,1,11259,11259,2026-10-06T20:21:17Z,2026-10-06T20:21:17Z,,0
4730278139,1,5794,5794,2026-10-06T20:21:17Z,2026-10-06T20:21:17Z,,0
4743794878,1,2327,2327,2026-10-06T20:21:17Z,2026-10-06T20:21:17Z,,0
4750561026,1,8319,8319,2026-10-06T20:21:17Z,2026-10-06T20:21:17Z,,0
4777817887,1,16087,16087,2026-10-06T20:21:17Z,2026-10-06T20:21:17Z,,0
4778845442,1,2415,2415,2026-10-06T20:21:17Z,2026-10-06T20:21:17Z,,0
4785982047,1,1226,1226,2026-10-06T20:21:17Z,2026-10-06T20:21:17Z,,0
4793836769,1,2732,2732,2026-10-06T20:21:17Z,2026-10-06T20:21:17Z,,0
4807308814,1,1312,1312,2026-10-06T20:21:17Z,2026-10-06T20:21:17Z,,0
4836254499,1,1815,1815,2026-10-06T20:21:17Z,2026-10-06T20:21:17Z,,0
4839802560,1,27506,27506,2026-10-06T20:21:17Z,2026-10-06T20:21:17Z,,0
4850044287,1,3575,3575,2026-10-06T20:21:17Z,2026-10-06T20:21:17Z,,0
4858558391,1,1321,1321,2026-10-06T20:21:17Z,2026-10-06T20:21:17Z,,0
4908792642,1,954,954,2026-10-06T20:21:17Z,2026-10-06T20:21:17Z,,0
4924789901,1,4676,4676,2026-10-06T20:21:17Z,2026-10-06T20:21:17Z,,0
4925331346,1,3830,3830,2026-10-06T20:21:17Z,2026-10-06T20:21:17Z,,0
4931927012,1,3145,3145,2026-10-06T20:21:17Z,2026-10-06T20:21:17Z,,0
4938220315,1,1012,1012,2026-10-06T20:21:17Z,2026-10-06T20:21:17Z,,0
4944984948,1,2368,2368,2026-10-06T20:21:17Z,2026-10-06T20:21:17Z,,0
4949420752,1,23003,23003,2026-10-06T20:21:17Z,2026-10-06T20:21:17Z,,0
4983034985,1,12776,12776,2026-10-06T20:21:17Z,2026-10-06T20:21:17Z,,0
4987856151,1,4364,4364,2026-10-06T20:21:17Z,2026-10-06T20:21:17Z,,0
4991126644,1,1636,1636,2026-10-06T20:21:17Z,2026-10-06T20:21:17Z,,0
4998493959,1,2136,2136,2026-10-06T20:21:17Z,2026-10-06T20:21:17Z,,0
5012222382,1,577,577,2026-10-06T20:21:17Z,2026-10-06T20:21:17Z,,0
5026122481,1,3434,3434,2026-10-06T20:21:17Z,2026-10-06T20:21:17Z,,0
5039839070,1,7330,7330,2026-10-06T20:21:17Z,2026-10-06T20:21:17Z,,0
5049569843,1,328,328,2026-10-06T20:21:17Z,2026-10-06T20:21:17Z,,0
5091490171,1,2058,2058,2026-10-06T20:21:17Z,2026-10-06T20:21:17Z,,0
5108158764,1,,,,2026-10-06T20:21:17Z,,1
5117983607,1,1199,1199,2026-10-06T20:21:17Z,2026-10-06T20:21:17Z,,0
5166944221,1,5027,5027,2026-10-06T20:21:17Z,2026-10-06T20:21:17Z,,0
5174979552,1,777,777,2026-10-06T20:21:17Z,2026-10-06T20:21:17Z,,0
5203828273,1,56821,56821,2026-10-06T20:21:17Z,2026-10-06T20:21:17Z,,0
5239362765,1,2757,2757,2026-10-06T20:21:17Z,2026-10-06T20:21:17Z,,0
5247232141,1,1470,1470,2026-10-06T20:21:17Z,2026-10-06T20:21:17Z,,0
5254920366,1,2857,2857,2026-10-06T20:21:17Z,2026-10-06T20:21:17Z,,0
5265857965,1,3181,3181,2026-10-06T20:21:17Z,2026-10-06T20:21:17Z,,0
5283219861,1,5784,5784,2026-10-06T20:21:17Z,2026-10-06T20:21:17Z,,0
5295169598,1,631,631,2026-10-06T20:21:17Z,2026-10-06T20:21:17Z,,0
5351168809,1,3110,3110,2026-10-06T20:21:17Z,2026-10-06T20:21:17Z,,0
5361032378,1,30971,30971,2026-10-06T20:21:17Z,2026-10-06T20:21:17Z,,0
5367389312,1,2981,2981,2026-10-06T20:21:17Z,2026-10-06T20:21:17Z,,0
5385674359,1,1646,1646,2026-10-06T20:21:17Z,2026-10-06T20:21:17Z,,0
5422546686,1,2149,2149,2026-10-06T20:21:17Z,2026-10-06T20:21:17Z,,0
5451143054,1,2916,2916,2026-10-06T20:21:17Z,2026-10-06T20:21:17Z,,0
5488708927,1,314,314,2026-10-06T20:21:17Z,2026-10-06T20:21:17Z,,0
5508238359,1,2435,2435,2026-10-06T20:21:17Z,2026-10-06T20:21:17Z,,0
5550530788,1,522,522,2026-10-06T20:21:17Z,2026-10-06T20:21:17Z,,0
5569032992,1,127794,127794,2026-10-06T20:21:17Z,2026-10-06T20:21:17Z,,0
5576955991,1,1020,1020,2026-10-06T20:21:17Z,2026-10-06T20:21:17Z,,0
5578556129,1,21721,21721,2026-10-06T20:21:17Z,2026-10-06T20:21:17Z,,0
5580972377,1,2986,2986,2026-10-06T20:21:17Z,2026-10-06T20:21:17Z,,0
5595353122,1,79424,79424,2026-10-06T20:21:17Z,2026-10-06T20:21:17Z,,0
5620182793,1,756,756,2026-10-06T20:21:17Z,2026-10-06T20:21:17Z,,0
5650396773,1,6201,6201,2026-10-06T20:21:17Z,2026-10-06T20:21:17Z,,0
5666473198,1,5480,5480,2026-10-06T20:21:17Z,2026-10-06T20:21:17Z,,0
5720553711,1,6092,6092,2026-10-06T20:21:17Z,2026-10-06T20:21:17Z,,0
5750914919,1,59803,59803,2026-10-06T20:21:17Z,2026-10-06T20:21:17Z,,0
5807622548,1,1387,1387,2026-10-06T20:21:17Z,2026-10-06T20:21:17Z,,0
5812546130,1,734,734,2026-10-06T20:21:17Z,2026-10-06T20:21:17Z,,0
5829613337,1,2199,2199,2026-10-06T20:21:17Z,2026-10-06T20:21:17Z,,0
5866227438,1,865,865,2026-10-06T20:21:17Z,2026-10-06T20:21:17Z,,0
5887211857,1,1878,1878,2026-10-06T20:21:17Z,2026-10-06T20:21:17Z,,0
5905501282,1,297,297,2026-10-06T20:21:17Z,2026-10-06T20:21:17Z,2026-10-06T20:21:17Z,0
5944821008,1,2101,2101,2026-10-06T20:21:17Z,2026-10-06T20:21:17Z,,0
5972059550,1,1368,1368,2026-10-06T20:21:17Z,2026-10-06T20:21:17Z,,0
5995470825,1,17733,17733,2026-10-06T20:21:17Z,2026-10-06T20:21:17Z,,0
6010232141,1,3335,3335,2026-10-06T20:21:17Z,2026-10-06T20:21:17Z,,0
6015491985,1,1348,1348,2026-10-06T20:21:17Z,2026-10-06T20:21:17Z,,0
6017624138,1,2178,2178,2026-10-06T20:21:17Z,2026-10-06T20:21:17Z,,0
6026405541,1,889,889,2026-10-06T20:21:17Z,2026-10-06T20:21:17Z,,0
6035872082,1,102763,102763,2026-10-06T20:21:17Z,2026-10-06T20:21:17Z,,0
6048923315,1,1149,1149,2026-10-06T20:21:17Z,2026-10-06T20:21:17Z,,0
6049736902,1,932,932,2026-10-06T20:21:17Z,2026-10-06T20:21:17Z,,0
6061766680,1,2808,2808,2026-10-06T20:21:17Z,2026-10-06T20:21:17Z,,0
6100103590,1,675,675,2026-10-06T20:21:17Z,2026-10-06T20:21:17Z,,0
6113928308,1,1130,1130,2026-10-06T20:21:17Z,2026-10-06T20:21:17Z,,0
6128091457,1,2584,2584,2026-10-06T20:21:17Z,2026-10-06T20:21:17Z,,0
6136243726,1,2025,2025,2026-10-06T20:21:17Z,2026-10-06T20:21:17Z,,0
6153964325,1,586,586,2026-10-06T20:21:17Z,2026-10-06T20:21:17Z,,0
6161049307,1,1416,1416,2026-10-06T20:21:17Z,2026-10-06T20:21:17Z,,0
6170143659,1,3170,3170,2026-10-06T20:21:17Z,2026-10-06T20:21:17Z,,0
6174994284,1,,,,2026-10-06T20:21:17Z,,1
6190071862,1,1622,1622,2026-10-06T20:21:17Z,2026-10-06T20:21:17Z,,0
6215464786,1,1021,1021,2026-10-06T20:21:17Z,2026-10-06T20:21:17Z,,0
6215986499,1,681,681,2026-10-06T20:21:17Z,2026-10-06T20:21:17Z,,0
6275120808,1,1402,1402,2026-10-06T20:21:17Z,2026-10-06T20:21:17Z,,0
6280758286,1,874,874,2026-10-06T20:21:17Z,2026-10-06T20:21:17Z,,0
6324644175,1,,,,2026-10-06T20:21:17Z,,1
6325068386,1,14289,14289,2026-10-06T20:21:17Z,2026-10-06T20:21:17Z,,0
6329693946,1,1143,1143,2026-10-06T20:21:17Z,2026-10-06T20:21:17Z,,0
6331902150,1,42336,42336,2026-10-06T20:21:17Z,2026-10-06T20:21:17Z,,0
6336741296,1,,,,2026-10-06T20:21:17Z,,1
6353751159,1,3205,3205,2026-10-06T20:21:17Z,2026-10-06T20:21:17Z,,0
6369934270,1,2518,2518,2026-10-06T20:21:17Z,2026-10-06T20:21:17Z,,0
6375110339,1,1568,1568,2026-10-06T20:21:17Z,2026-10-06T20:21:17Z,,0
6385532960,1,3305,3305,2026-10-06T20:21:17Z,2026-10-06T20:21:17Z,,0
6395392848,1,1723,1723,2026-10-06T20:21:17Z,2026-10-06T20:21:17Z,,0
6413074235,1,878,878,2026-10-06T20:21:17Z,2026-10-06T20:21:17Z,,0
6417564879,1,2336,2336,2026-10-06T20:21:17Z,2026-10-06T20:21:17Z,,0
6443367640,1,5666,5666,2026-10-06T20:21:17Z,2026-10-06T20:21:17Z,,0
6466404775,1,3020,3020,2026-10-06T20:21:17Z,2026-10-06T20:21:17Z,,0
6504986360,1,7090,7090,2026-10-06T20:21:17Z,2026-10-06T20:21:17Z,,0
6505338302,1,2490,2490,2026-10-06T20:21:17Z,2026-10-06T20:21:17Z,,0
6521100398,1,25014,25014,2026-10-06T20:21:17Z,2026-10-06T20:21:17Z,,0
6568417585,1,2011,2011,2026-10-06T20:21:17Z,2026-10-06T20:21:17Z,,0
6583326485,1,2408,2408,2026-10-06T20:21:17Z,2026-10-06T20:21:17Z,,0
6619936488,1,2066,2066,2026-10-06T20:21:17Z,2026-10-06T20:21:17Z,,0
6635513269,1,4937,4937,2026-10-06T20:21:17Z,2026-10-06T20:21:17Z,,0
6682487255,1,5552,5552,2026-10-06T20:21:17Z,2026-10-06T20:21:17Z,,0
6701277882,1,72717,72717,2026-10-06T20:21:17Z,2026-10-06T20:21:17Z,,0
6726637224,1,2882,2882,2026-10-06T20:21:17Z,2026-10-06T20:21:17Z,,0
6739698191,1,23774,23774,2026-10-06T20:21:17Z,2026-10-06T20:21:17Z,,0
6749060816,1,4856,4856,2026-10-06T20:21:17Z,2026-10-06T20:21:17Z,,0
6751447237,1,2033,2033,2026-10-06T20:21:17Z,2026-10-06T20:21:17Z,,0
6760085372,1,5305,5305,2026-10-06T20:21:17Z,2026-10-06T20:21:17Z,,0
6765805766,1,24228,24228,2026-10-06T20:21:17Z,2026-10-06T20:21:17Z,,0
6774320049,1,13135,13135,2026-10-06T20:21:17Z,2026-10-06T20:21:17Z,,0
6786784563,1,,,,2026-10-06T20:21:17Z,,1
6925303818,1,1964,1964,2026-10-06T20:21:17Z,2026-10-06T20:21:17Z,,0
6931042565,1,36587,36587,2026-10-06T20:21:17Z,2026-10-06T20:21:17Z,,0
6935083490,1,715,715,2026-10-06T20:21:17Z,2026-10-06T20:21:17Z,,0
6945584306,1,10268,10268,2026-10-06T20:21:17Z,2026-10-06T20:21:17Z,,0
6983536246,1,693,693,2026-10-06T20:21:17Z,2026-10-06T20:21:17Z,,0
6996253752,1,409,409,2026-10-06T20:21:17Z,2026-10-06T20:21:17Z,,0
7005891584,1,1171,1171,2026-10-06T20:21:17Z,2026-10-06T20:21:17Z,,0
7008097940,1,9072,9072,2026-10-06T20:21:17Z,2026-10-06T20:21:17Z,,0
7018190066,1,11463,11463,2026-10-06T20:21:17Z,2026-10-06T20:21:17Z,,0
7028566528,1,7362,7362,2026-10-06T20:21:17Z,2026-10-06T20:21:17Z,,0
7037673488,1,452,452,2026-10-06T20:21:17Z,2026-10-06T20:21:17Z,,0
7058980030,1,3913,3913,2026-10-06T20:21:17Z,2026-10-06T20:21:17Z,,0
7089588429,1,1915,1915,2026-10-06T20:21:17Z,2026-10-06T20:21:17Z,,0
7091388561,1,324,324,2026-10-06T20:21:17Z,2026-10-06T20:21:17Z,,0
7094518649,1,8334,8334,2026-10-06T20:21:17Z,2026-10-06T20:21:17Z,,0
7101140819,1,512,512,2026-10-06T20:21:17Z,2026-10-06T20:21:17Z,,0
7108384194,1,8007,8007,2026-10-06T20:21:17Z,2026-10-06T20:21:17Z,,0
7127084123,1,2676,2676,2026-10-06T20:21:17Z,2026-10-06T20:21:17Z,,0
7155018773,1,2709,2709,2026-10-06T20:21:17Z,2026-10-06T20:21:17Z,,0
7178032757,1,5271,5271,2026-10-06T20:21:17Z,2026-10-06T20:21:17Z,,0
7194739190,1,1958,1958,2026-10-06T20:21:17Z,2026-10-06T20:21:17Z,,0
7208219743,1,1562,1562,2026-10-06T20:21:17Z,2026-10-06T20:21:17Z,,0
7219654364,1,63036,63036,2026-10-06T20:21:17Z,2026-10-06T20:21:17Z,,0
7264587281,1,3194,3194,2026-10-06T20:21:17Z,2026-10-06T20:21:17Z,,0
7265339759,1,873,873,2026-10-06T20:21:17Z,2026-10-06T20:21:17Z,,0
7274244096,1,3461,3461,2026-10-06T20:21:17Z,2026-10-06T20:21:17Z,,0
7307246329,1,355,355,2026-10-06T20:21:17Z,2026-10-06T20:21:17Z,,0
7326934954,1,146310,146310,2026-10-06T20:21:17Z,2026-10-06T20:21:17Z,,0
7332711118,1,1770,1770,2026-10-06T20:21:17Z,2026-10-06T20:21:17Z,,0
7350402084,1,469,469,2026-10-06T20:21:17Z,2026-10-06T20:21:17Z,,0
7359962123,1,2422,2422,2026-10-06T20:21:17Z,2026-10-06T20:21:17Z,,0
7364297396,1,1783,1783,2026-10-06T20:21:17Z,2026-10-06T20:21:17Z,,0
7372152033,1,660,660,2026-10-06T20:21:17Z,2026-10-06T20:21:17Z,,0
7395930870,1,12197,12197,2026-10-06T20:21:17Z,2026-10-06T20:21:17Z,,0
7398552394,1,8597,8597,2026-10-06T20:21:17Z,2026-10-06T20:21:17Z,,0
7411615879,1,758,758,2026-10-06T20:21:17Z,2026-10-06T20:21:17Z,,0
7414497778,1,1774,1774,2026-10-06T20:21:17Z,2026-10-06T20:21:17Z,,0
7428819247,1,650,650,2026-10-06T20:21:17Z,2026-10-06T20:21:17Z,,0
7434179990,1,3295,3295,2026-10-06T20:21:17Z,2026-10-06T20:21:17Z,,0
7436755782,1,12133,12133,2026-10-06T20:21:17Z,2026-10-06T20:21:17Z,,0
7450497506,1,,,,2026-10-06T20:21:17Z,,1
7474367816,1,2886,2886,2026-10-06T20:21:17Z,2026-10-06T20:21:17Z,,0
7488668004,1,6670,6670,2026-10-06T20:21:17Z,2026-10-06T20:21:17Z,,0
7497471789,1,3382,3382,2026-10-06T20:21:17Z,2026-10-06T20:21:17Z,,0
7554119808,1,13759,13759,2026-10-06T20:21:17Z,2026-10-06T20:21:17Z,,0
7585140258,1,10915,10915,2026-10-06T20:21:17Z,2026-10-06T20:21:17Z,,0
7592844193,1,1223,1223,2026-10-06T20:21:17Z,2026-10-06T20:21:17Z,,0
7613921865,1,3874,3874,2026-10-06T20:21:17Z,2026-10-06T20:21:17Z,,0
7623259179,1,2809,2809,2026-10-06T20:21:17Z,2026-10-06T20:21:17Z,,0
7629331599,1,4668,4668,2026-10-06T20:21:17Z,2026-10-06T20:21:17Z,,0
7633926880,1,7573,7573,2026-10-06T20:21:17Z,2026-10-06T20:21:17Z,,0
7665084235,1,,,,2026-10-06T20:21:17Z,,1
7671049560,1,1533,1533,2026-10-06T20:21:17Z,2026-10-06T20:21:17Z,,0
7673659635,1,2670,2670,2026-10-06T20:21:17Z,2026-10-06T20:21:17Z,,0
7685678300,1,3813,3813,2026-10-06T20:21:17Z,2026-10-06T20:21:17Z,,0
7703614594,1,,,,2026-10-06T20:21:17Z,,1
7706951053,1,379,379,2026-10-06T20:21:17Z,2026-10-06T20:21:17Z,,0
7709344486,1,129079,129079,2026-10-06T20:21:17Z,2026-10-06T20:21:17Z,,0
7720654467,1,1749,1749,2026-10-06T20:21:17Z,2026-10-06T20:21:17Z,,0
7738524573,1,,,,2026-10-06T20:21:17Z,,1
7750955984,1,,,,2026-10-06T20:21:17Z,,1
7761516673,1,880,880,2026-10-06T20:21:17Z,2026-10-06T20:21:17Z,,0
7780633647,1,1784,1784,2026-10-06T20:21:17Z,2026-10-06T20:21:17Z,,0
7787359931,1,1884,1884,2026-10-06T20:21:17Z,2026-10-06T20:21:17Z,,0
7822444776,1,3267,3267,2026-10-06T20:21:17Z,2026-10-06T20:21:17Z,,0
7843413523,1,2360,2360,2026-10-06T20:21:17Z,2026-10-06T20:21:17Z,,0
7848204961,1,419,419,2026-10-06T20:21:17Z,2026-10-06T20:21:17Z,,0
7856039629,1,6062,6062,2026-10-06T20:21:17Z,2026-10-06T20:21:17Z,,0
7877723741,1,1075,1075,2026-10-06T20:21:17Z,2026-10-06T20:21:17Z,,0
7882785167,1,1951,1951,2026-10-06T20:21:17Z,2026-10-06T20:21:17Z,,0
7882829745,1,340,340,2026-10-06T20:21:17Z,2026-10-06T20:21:17Z,,0
7883776681,1,3714,3714,2026-10-06T20:21:17Z,2026-10-06T20:21:17Z,,0
7884563721,1,621,621,2026-10-06T20:21:17Z,2026-10-06T20:21:17Z,,0
7917550094,1,2177,2177,2026-10-06T20:21:17Z,2026-10-06T20:21:17Z,,0
7934320560,1,2137,2137,2026-10-06T20:21:17Z,2026-10-06T20:21:17Z,,0
7935634976,1,1905,1905,2026-10-06T20:21:17Z,2026-10-06T20:21:17Z,,0
7948426536,1,4230,4230,2026-10-06T20:21:17Z,2026-10-06T20:21:17Z,,0
7960300951,1,1952,1952,2026-10-06T20:21:17Z,2026-10-06T20:21:17Z,,0
7970033072,1,1305,1305,2026-10-06T20:21:17Z,2026-10-06T20:21:17Z,,0
7983308985,1,603,603,2026-10-06T20:21:17Z,2026-10-06T20:21:17Z,,0
7996365376,1,5763,5763,2026-10-06T20:21:17Z,2026-10-06T20:21:17Z,,0
8005378926,1,1026,1026,2026-10-06T20:21:17Z,2026-10-06T20:21:17Z,,0
8058628992,1,388,388,2026-10-06T20:21:17Z,2026-10-06T20:21:17Z,,0
8080493298,1,1562,1562,2026-10-06T20:21:17Z,2026-10-06T20:21:17Z,,0
8160348242,1,4992,4992,2026-10-06T20:21:17Z,2026-10-06T20:21:17Z,,0
8178086002,1,12392,12392,2026-10-06T20:21:17Z,2026-10-06T20:21:17Z,,0
8181391950,1,1577,1577,2026-10-06T20:21:17Z,2026-10-06T20:21:17Z,,0
8214054500,1,439,439,2026-10-06T20:21:17Z,2026-10-06T20:21:17Z,,0
8237105425,1,1365,1365,2026-10-06T20:21:17Z,2026-10-06T20:21:17Z,,0
8246907060,1,779,779,2026-10-06T20:21:17Z,2026-10-06T20:21:17Z,,0
8269273068,1,397,397,2026-10-06T20:21:17Z,2026-10-06T20:21:17Z,,0
8307114974,1,4638,4638,2026-10-06T20:21:17Z,2026-10-06T20:21:17Z,,0
8316902627,1,1673,1673,2026-10-06T20:21:17Z,2026-10-06T20:21:17Z,,0
8342498724,1,2658,2658,2026-10-06T20:21:17Z,2026-10-06T20:21:17Z,,0
8356066619,1,2208,2208,2026-10-06T20:21:17Z,2026-10-06T20:21:17Z,,0
8401518398,1,4826,4826,2026-10-06T20:21:17Z,2026-10-06T20:21:17Z,,0
8497987845,1,1300,1300,2026-10-06T20:21:17Z,2026-10-06T20:21:17Z,,0
8503596762,1,458,458,2026-10-06T20:21:17Z,2026-10-06T20:21:17Z,,0
8520148363,1,3716,3716,2026-10-06T20:21:17Z,2026-10-06T20:21:17Z,,0
8524572339,1,3124,3124,2026-10-06T20:21:17Z,2026-10-06T20:21:17Z,,0
8539298853,1,3647,3647,2026-10-06T20:21:17Z,2026-10-06T20:21:17Z,,0
8618660961,1,,,,2026-10-06T20:21:17Z,,1
8659262047,1,784,784,2026-10-06T20:21:17Z,2026-10-06T20:21:17Z,,0
8719555347,1,10795,10795,2026-10-06T20:21:17Z,2026-10-06T20:21:17Z,,0
8752324161,1,2603,2603,2026-10-06T20:21:17Z,2026-10-06T20:21:17Z,,0
8791358380,1,2206,2206,2026-10-06T20:21:17Z,2026-10-06T20:21:17Z,,0
8795154789,1,1113,1113,2026-10-06T20:21:17Z,2026-10-06T20:21:17Z,,0
8813969120,1,4561,4561,2026-10-06T20:21:17Z,2026-10-06T20:21:17Z,,0
8829204428,1,2176,2176,2026-10-06T20:21:17Z,2026-10-06T20:21:17Z,,0
8841437826,1,1664,1664,2026-10-06T20:21:17Z,2026-10-06T20:21:17Z,,0
8851542818,1,993,993,2026-10-06T20:21:17Z,2026-10-06T20:21:17Z,,0
8946565814,1,468,468,2026-10-06T20:21:17Z,2026-10-06T20:21:17Z,,0
8964956538,1,1827,1827,2026-10-06T20:21:17Z,2026-10-06T20:21:17Z,,0
9031167776,1,318,318,2026-10-06T20:21:17Z,2026-10-06T20:21:17Z,,0
9051406594,1,5954,5954,2026-10-06T20:21:17Z,2026-10-06T20:21:17Z,,0
9073513091,1,,,,2026-10-06T20:21:17Z,,1
9076692567,1,392,392,2026-10-06T20:21:17Z,2026-10-06T20:21:17Z,,0
9098570654,1,4903,4903,2026-10-06T20:21:17Z,2026-10-06T20:21:17Z,,0
9112256336,1,844,844,2026-10-06T20:21:17Z,2026-10-06T20:21:17Z,,0
9141743926,1,2774,2774,2026-10-06T20:21:17Z,2026-10-06T20:21:17Z,,0
9145063979,1,3770,3770,2026-10-06T20:21:17Z,2026-10-06T20:21:17Z,,0
9150731899,1,1575,1575,2026-10-06T20:21:17Z,2026-10-06T20:21:17Z,,0
9162763535,1,1628,1628,2026-10-06T20:21:17Z,2026-10-06T20:21:17Z,,0
9167377564,1,,,,2026-10-06T20:21:17Z,,1
9199655655,1,11445,11445,2026-10-06T20:21:17Z,2026-10-06T20:21:17Z,,0
9209811415,1,568,568,2026-10-06T20:21:17Z,2026-10-06T20:21:17Z,,0
9221949930,1,657,657,2026-10-06T20:21:17Z,2026-10-06T20:21:17Z,,0
9229146348,1,474,474,2026-10-06T20:21:17Z,2026-10-06T20:21:17Z,,0
9294074907,1,10639,10639,2026-10-06T20:21:17Z,2026-10-06T20:21:17Z,,0
9294646427,1,1165,1165,2026-10-06T20:21:17Z,2026-10-06T20:21:17Z,,0
9296042754,1,3543,3543,2026-10-06T20:21:17Z,2026-10-06T20:21:17Z,,0
9296252245,1,4730,4730,2026-10-06T20:21:17Z,2026-10-06T20:21:17Z,,0
9312646406,1,2144,2144,2026-10-06T20:21:17Z,2026-10-06T20:21:17Z,,0
9317784977,1,776,776,2026-10-06T20:21:17Z,2026-10-06T20:21:17Z,,0
9348272796,1,3123,3123,2026-10-06T20:21:17Z,2026-10-06T20:21:17Z,,0
9362896961,1,,,,2026-10-06T20:21:17Z,,1
9363735110,1,2526,2526,2026-10-06T20:21:17Z,2026-10-06T20:21:17Z,,0
9382839773,1,,,,2026-10-06T20:21:17Z,,1
9384605736,1,874,874,2026-10-06T20:21:17Z,2026-10-06T20:21:17Z,,0
9442472087,1,,,,2026-10-06T20:21:17Z,,1
9449993534,1,1908,1908,2026-10-06T20:21:17Z,2026-10-06T20:21:17Z,,0
9472441390,1,3063,3063,2026-10-06T20:21:17Z,2026-10-06T20:21:17Z,,0
9480281767,1,5341,5341,2026-10-06T20:21:17Z,2026-10-06T20:21:17Z,,0
9481391333,1,2033,2033,2026-10-06T20:21:17Z,2026-10-06T20:21:17Z,,0
9485131494,1,930,930,2026-10-06T20:21:17Z,2026-10-06T20:21:17Z,,0
9490116046,1,4860,4860,2026-10-06T20:21:17Z,2026-10-06T20:21:17Z,,0
9491545867,1,4847,4847,2026-10-06T20:21:17Z,2026-10-06T20:21:17Z,,0
9506013695,1,2647,2647,2026-10-06T20:21:17Z,2026-10-06T20:21:17Z,,0
9511454418,1,,,,2026-10-06T20:21:17Z,,1
9520692022,1,3444,3444,2026-10-06T20:21:17Z,2026-10-06T20:21:17Z,,0
9534705677,1,13146,13146,2026-10-06T20:21:17Z,2026-10-06T20:21:17Z,,0
9549278601,1,1927,1927,2026-10-06T20:21:17Z,2026-10-06T20:21:17Z,,0
9551044479,1,2883,2883,2026-10-06T20:21:17Z,2026-10-06T20:21:17Z,,0
9561553764,1,8668,8668,2026-10-06T20:21:17Z,2026-10-06T20:21:17Z,,0
9582986239,1,3473,3473,2026-10-06T20:21:17Z,2026-10-06T20:21:17Z,,0
9584852943,1,61298,61298,2026-10-06T20:21:17Z,2026-10-06T20:21:17Z,,0
9584946743,1,3241,3241,2026-10-06T20:21:17Z,2026-10-06T20:21:17Z,,0
9592387369,1,4228,4228,2026-10-06T20:21:17Z,2026-10-06T20:21:17Z,,0
9641502068,1,7778,7778,2026-10-06T20:21:17Z,2026-10-06T20:21:17Z,,0
9656201728,1,2249,2249,2026-10-06T20:21:17Z,2026-10-06T20:21:17Z,,0
9662130710,1,1694,1694,2026-10-06T20:21:17Z,2026-10-06T20:21:17Z,,0
9671745030,1,333,333,2026-10-06T20:21:17Z,2026-10-06T20:21:17Z,,0
9702840627,1,358,358,2026-10-06T20:21:17Z,2026-10-06T20:21:17Z,,0
9705384247,1,622,622,2026-10-06T20:21:17Z,2026-10-06T20:21:17Z,,0
9735583968,1,2155,2155,2026-10-06T20:21:17Z,2026-10-06T20:21:17Z,,0
9741874508,1,3226,3226,2026-10-06T20:21:17Z,2026-10-06T20:21:17Z,,0
9751615286,1,372,372,2026-10-06T20:21:17Z,2026-10-06T20:21:17Z,,0
9753458401,1,838,838,2026-10-06T20:21:17Z,2026-10-06T20:21:17Z,,0
9780429221,1,3197,3197,2026-10-06T20:21:17Z,2026-10-06T20:21:17Z,,0
9788139379,1,2494,2494,2026-10-06T20:21:17Z,2026-10-06T20:21:17Z,,0
9792947201,1,410,410,2026-10-06T20:21:17Z,2026-10-06T20:21:17Z,,0
9793308933,1,748,748,2026-10-06T20:21:17Z,2026-10-06T20:21:17Z,,0
9796643263,1,434,434,2026-10-06T20:21:17Z,2026-10-06T20:21:17Z,,0
9796898051,1,7581,7581,2026-10-06T20:21:17Z,2026-10-06T20:21:17Z,,0
9803970239,1,2743,2743,2026-10-06T20:21:17Z,2026-10-06T20:21:17Z,,0
9807649116,1,2434,2434,2026-10-06T20:21:17Z,2026-10-06T20:21:17Z,,0
9826885587,1,3512,3512,2026-10-06T20:21:17Z,2026-10-06T20:21:17Z,,0
9830725726,1,2448,2448,2026-10-06T20:21:17Z,2026-10-06T20:21:17Z,,0
9837612476,1,8410,8410,2026-10-06T20:21:17Z,2026-10-06T20:21:17Z,,0
9855761734,1,9961,9961,2026-10-06T20:21:17Z,2026-10-06T20:21:17Z,,0
9865931248,1,1122,1122,2026-10-06T20:21:17Z,2026-10-06T20:21:17Z,,0
9872734936,1,4538,4538,2026-10-06T20:21:17Z,2026-10-06T20:21:17Z,,0
9877481048,1,2631,2631,2026-10-06T20:21:17Z,2026-10-06T20:21:17Z,,0
9880286438,1,6621,6621,2026-10-06T20:21:17Z,2026-10-06T20:21:17Z,,0
9885372266,1,3044,3044,2026-10-06T20:21:17Z,2026-10-06T20:21:17Z,,0
9891331827,1,5089,5089,2026-10-06T20:21:17Z,2026-10-06T20:21:17Z,,0
9898409899,1,533,533,2026-10-06T20:21:17Z,2026-10-06T20:21:17Z,,0
9908641400,1,3672,3672,2026-10-06T20:21:17Z,2026-10-06T20:21:17Z,,0
9910245722,1,2202,2202,2026-10-06T20:21:17Z,2026-10-06T20:21:17Z,,0
9931749389,1,6467,6467,2026-10-06T20:21:17Z,2026-10-06T20:21:17Z,,0
9940812243,1,2961,2961,2026-10-06T20:21:17Z,2026-10-06T20:21:17Z,,0
9943273705,1,976,976,2026-10-06T20:21:17Z,2026-10-06T20:21:17Z,,0
9948575164,1,1596,1596,2026-10-06T20:21:17Z,2026-10-06T20:21:17Z,,0
9950184599,1,1370,1370,2026-10-06T20:21:17Z,2026-10-06T20:21:17Z,,0
9957338123,1,3480,3480,2026-10-06T20:21:17Z,2026-10-06T20:21:17Z,,0
9965411707,1,4052,4052,2026-10-06T20:21:17Z,2026-10-06T20:21:17Z,,0
9970645639,1,7695,7695,2026-10-06T20:21:17Z,2026-10-06T20:21:17Z,,0
9978329815,1,12272,12272,2026-10-06T20:21:17Z,2026-10-06T20:21:17Z,,0
9996384072,1,1125,1125,2026-10-06T20:21:17Z,2026-10-06T20:21:17Z,,0
10004244222,1,8498,8498,2026-10-06T20:21:17Z,2026-10-06T20:21:17Z,,0
10010371086,1,1007,1007,2026-10-06T20:21:17Z,2026-10-06T20:21:17Z,,0
10013279162,1,2059,2059,2026-10-06T20:21:17Z,2026-10-06T20:21:17Z,,0
10031505426,1,3343,3343,2026-10-06T20:21:17Z,2026-10-06T20:21:17Z,,0
10031562156,1,2916,2916,2026-10-06T20:21:17Z,2026-10-06T20:21:17Z,,0
10035204815,1,62464,62464,2026-10-06T20:21:17Z,2026-10-06T20:21:17Z,,0
10039889230,1,3277,3277,2026-10-06T20:21:17Z,2026-10-06T20:21:17Z,,0
10057343903,1,2786,2786,2026-10-06T20:21:17Z,2026-10-06T20:21:17Z,,0
10057403337,1,5605,5605,2026-10-06T20:21:17Z,2026-10-06T20:21:17Z,,0
10061124506,1,1201,1201,2026-10-06T20:21:17Z,2026-10-06T20:21:17Z,,0
10066618669,1,1340,1340,2026-10-06T20:21:17Z,2026-10-06T20:21:17Z,,0
10090256806,1,3380,3380,2026-10-06T20:21:17Z,2026-10-06T20:21:17Z,,0
10096155511,1,2606,2606,2026-10-06T20:21:17Z,2026-10-06T20:21:17Z,,0
10116272705,1,7682,7682,2026-10-06T20:21:17Z,2026-10-06T20:21:17Z,,0
10123059921,1,4170,4170,2026-10-06T20:21:17Z,2026-10-06T20:21:17Z,,0
10124403207,1,,,,2026-10-06T20:21:17Z,,1
10124421343,1,1988,1988,2026-10-06T20:21:17Z,2026-10-06T20:21:17Z,,0
10127797448,1,2045,2045,2026-10-06T20:21:17Z,2026-10-06T20:21:17Z,,0
10131390815,1,2539,2539,2026-10-06T20:21:17Z,2026-10-06T20:21:17Z,,0
10138624079,1,4560,4560,2026-10-06T20:21:17Z,2026-10-06T20:21:17Z,,0
10141042381,1,,,,2026-10-06T20:21:17Z,,1
10144280947,1,7220,7220,2026-10-06T20:21:17Z,2026-10-06T20:21:17Z,,0
10144587520,1,,,,2026-10-06T20:21:17Z,,1
10148749921,1,27069,27069,2026-10-06T20:21:17Z,2026-10-06T20:21:17Z,,0
10152905521,1,2612,2612,2026-10-06T20:21:17Z,2026-10-06T20:21:17Z,,0
10153098880,1,2033,2033,2026-10-06T20:21:17Z,2026-10-06T20:21:17Z,,0
10155360168,1,42519,42519,2026-10-06T20:21:17Z,2026-10-06T20:21:17Z,,0
10158471028,1,3670,3670,2026-10-06T20:21:17Z,2026-10-06T20:21:17Z,,0
10171934713,1,1382,1382,2026-10-06T20:21:17Z,2026-10-06T20:21:17Z,,0
10173311467,1,13207,13207,2026-10-06T20:21:17Z,2026-10-06T20:21:17Z,,0
10175155684,1,905,905,2026-10-06T20:21:17Z,2026-10-06T20:21:17Z,,0
10181310479,1,609,609,2026-10-06T20:21:17Z,2026-10-06T20:21:17Z,,0
10187294555,1,1408,1408,2026-10-06T20:21:17Z,2026-10-06T20:21:17Z,,0
10189903609,1,3839,3839,2026-10-06T20:21:17Z,2026-10-06T20:21:17Z,,0
10195997258,1,2661,2661,2026-10-06T20:21:17Z,2026-10-06T20:21:17Z,,0
10199301628,1,4280,4280,2026-10-06T20:21:17Z,2026-10-06T20:21:17Z,,0
10200395747,1,2116,2116,2026-10-06T20:21:17Z,2026-10-06T20:21:17Z,,0
10202515720,1,367,367,2026-10-06T20:21:17Z,2026-10-06T20:21:17Z,,0
10209534490,1,,,,2026-10-06T20:21:17Z,,1
10212081143,1,1047,1047,2026-10-06T20:21:17Z,2026-10-06T20:21:17Z,,0
10219827882,1,527,527,2026-10-06T20:21:17Z,2026-10-06T20:21:17Z,,0
10222476236,1,7467,7467,2026-10-06T20:21:17Z,2026-10-06T20:21:17Z,,0
10226261982,1,3132,3132,2026-10-06T20:21:17Z,2026-10-06T20:21:17Z,,0
10226701629,1,1422,1422,2026-10-06T20:21:17Z,2026-10-06T20:21:17Z,,0
10230942274,1,5832,5832,2026-10-06T20:21:17Z,2026-10-06T20:21:17Z,,0
10231502419,1,2889,2889,2026-10-06T20:21:17Z,2026-10-06T20:21:17Z,,0
10232686472,1,2096,2096,2026-10-06T20:21:17Z,2026-10-06T20:21:17Z,,0
10236023188,1,1253,1253,2026-10-06T20:21:17Z,2026-10-06T20:21:17Z,,0
10236805062,1,849,849,2026-10-06T20:21:17Z,2026-10-06T20:21:17Z,,0
10241783978,1,377,377,2026-10-06T20:21:17Z,2026-10-06T20:21:17Z,,0
10244001346,1,2506,2506,2026-10-06T20:21:17Z,2026-10-06T20:21:17Z,,0
10246108265,1,2784,2784,2026-10-06T20:21:17Z,2026-10-06T20:21:17Z,,0
10249209189,1,,,,2026-10-06T20:21:17Z,,1
10253235584,1,1592,1592,2026-10-06T20:21:17Z,2026-10-06T20:21:17Z,,0
10254680421,1,3551,3551,2026-10-06T20:21:17Z,2026-10-06T20:21:17Z,,0
10255788071,1,2126,2126,2026-10-06T20:21:17Z,2026-10-06T20:21:17Z,,0
10258991999,1,18016,18016,2026-10-06T20:21:17Z,2026-10-06T20:21:17Z,,0
10261267004,1,15191,15191,2026-10-06T20:21:17Z,2026-10-06T20:21:17Z,,0
10263732883,1,1796,1796,2026-10-06T20:21:17Z,2026-10-06T20:21:17Z,,0
10267638347,1,1389,1389,2026-10-06T20:21:17Z,2026-10-06T20:21:17Z,,0
10268960646,1,,,,2026-10-06T20:21:17Z,,1
10269820836,1,1830,1830,2026-10-06T20:21:17Z,2026-10-06T20:21:17Z,,0
10271723279,1,1262,1262,2026-10-06T20:21:17Z,2026-10-06T20:21:17Z,,0
10278774552,1,5893,5893,2026-10-06T20:21:17Z,2026-10-06T20:21:17Z,,0
10282097014,1,14797,14797,2026-10-06T20:21:17Z,2026-10-06T20:21:17Z,,0
10286150288,1,3062,3062,2026-10-06T20:21:17Z,2026-10-06T20:21:17Z,,0
10289201563,1,3339,3339,2026-10-06T20:21:17Z,2026-10-06T20:21:17Z,,0
10298144467,1,2405,2405,2026-10-06T20:21:17Z,2026-10-06T20:21:17Z,,0
10299762956,1,716,716,2026-10-06T20:21:17Z,2026-10-06T20:21:17Z,,0
10302179427,1,2109,2109,2026-10-06T20:21:17Z,2026-10-06T20:21:17Z,,0
10308844888,1,3082,3082,2026-10-06T20:21:17Z,2026-10-06T20:21:17Z,,0
10309128556,1,,,,2026-10-06T20:21:17Z,,1
10310563053,1,2511,2511,2026-10-06T20:21:17Z,2026-10-06T20:21:17Z,,0
10310999762,1,,,,2026-10-06T20:21:17Z,,1
10313654312,1,318,318,2026-10-06T20:21:17Z,2026-10-06T20:21:17Z,,0
10321202755,1,6978,6978,2026-10-06T20:21:17Z,2026-10-06T20:21:17Z,,0
10324001605,1,2262,2262,2026-10-06T20:21:17Z,2026-10-06T20:21:17Z,,0
10329489265,1,2186,2186,2026-10-06T20:21:17Z,2026-10-06T20:21:17Z,,0
10336278580,1,2315,2315,2026-10-06T20:21:17Z,2026-10-06T20:21:17Z,,0
10338952197,1,,,,2026-10-06T20:21:17Z,,1
10370802481,1,2903,2903,2026-10-06T20:21:17Z,2026-10-06T20:21:17Z,,0
10371406677,1,4066,4066,2026-10-06T20:21:17Z,2026-10-06T20:21:17Z,,0
10376944238,1,3159,3159,2026-10-06T20:21:17Z,2026-10-06T20:21:17Z,,0
10380743712,1,826,826,2026-10-06T20:21:17Z,2026-10-06T20:21:17Z,,0
10387635049,1,1898,1898,2026-10-06T20:21:17Z,2026-10-06T20:21:17Z,,0
10389762549,1,713,713,2026-10-06T20:21:17Z,2026-10-06T20:21:17Z,,0
10390151142,1,1303,1303,2026-10-06T20:21:17Z,2026-10-06T20:21:17Z,,0
10391036163,1,1685,1685,2026-10-06T20:21:17Z,2026-10-06T20:21:17Z,,0
10393438342,1,2119,2119,2026-10-06T20:21:17Z,2026-10-06T20:21:17Z,,0
10394064134,1,2123,2123,2026-10-06T20:21:17Z,2026-10-06T20:21:17Z,,0
10398947938,1,832,832,2026-10-06T20:21:17Z,2026-10-06T20:21:17Z,,0
10399125962,1,3960,3960,2026-10-06T20:21:17Z,2026-10-06T20:21:17Z,,0
10399136326,1,9591,9591,2026-10-06T20:21:17Z,2026-10-06T20:21:17Z,,0
10399524075,1,750,750,2026-10-06T20:21:17Z,2026-10-06T20:21:17Z,,0
10403820097,1,3473,3473,2026-10-06T20:21:17Z,2026-10-06T20:21:17Z,,0
10404519332,1,2557,2557,2026-10-06T20:21:17Z,2026-10-06T20:21:17Z,,0
10410945205,1,2753,2753,2026-10-06T20:21:17Z,2026-10-06T20:21:17Z,,0
10415694629,1,4694,4694,2026-10-06T20:21:17Z,2026-10-06T20:21:17Z,,0
10415845204,1,2548,2548,2026-10-06T20:21:17Z,2026-10-06T20:21:17Z,,0
10418117926,1,2292,2292,2026-10-06T20:21:17Z,2026-10-06T20:21:17Z,,0
10421901778,1,6376,6376,2026-10-06T20:21:17Z,2026-10-06T20:21:17Z,,0
10422038064,1,315,315,2026-10-06T20:21:17Z,2026-10-06T20:21:17Z,,0
10424107160,1,2666,2666,2026-10-06T20:21:17Z,2026-10-06T20:21:17Z,,0
10426768719,1,750,750,2026-10-06T20:21:17Z,2026-10-06T20:21:17Z,,0
10428543942,1,489,489,2026-10-06T20:21:17Z,2026-10-06T20:21:17Z,,0
10430019389,1,3884,3884,2026-10-06T20:21:17Z,2026-10-06T20:21:17Z,,0
10431718987,1,2823,2823,2026-10-06T20:21:17Z,2026-10-06T20:21:17Z,,0
10436530264,1,16831,16831,2026-10-06T20:21:17Z,2026-10-06T20:21:17Z,,0
10439568447,1,,,,2026-10-06T20:21:17Z,,1
10440833423,1,2169,2169,2026-10-06T20:21:17Z,2026-10-06T20:21:17Z,,0
10445832507,1,667,667,2026-10-06T20:21:17Z,2026-10-06T20:21:17Z,,0
10452740285,1,,,,2026-10-06T20:21:17Z,,1
10455462279,1,2409,2409,2026-10-06T20:21:17Z,2026-10-06T20:21:17Z,,0
10455741150,1,2367,2367,2026-10-06T20:21:17Z,2026-10-06T20:21:17Z,,0
10458789587,1,3023,3023,2026-10-06T20:21:17Z,2026-10-06T20:21:17Z,,0
10460801145,1,10775,10775,2026-10-06T20:21:17Z,2026-10-06T20:21:17Z,,0
10463578886,1,763,763,2026-10-06T20:21:17Z,2026-10-06T20:21:17Z,,0
10466601694,1,2078,2078,2026-10-06T20:21:17Z,2026-10-06T20:21:17Z,,0
10471583973,1,2221,2221,2026-10-06T20:21:17Z,2026-10-06T20:21:17Z,,0
10475794799,1,2472,2472,2026-10-06T20:21:17Z,2026-10-06T20:21:17Z,,0
10481791182,1,2480,2480,2026-10-06T20:21:17Z,2026-10-06T20:21:17Z,,0
10485201326,1,1990,1990,2026-10-06T20:21:17Z,2026-10-06T20:21:17Z,,0
10501944811,1,2365,2365,2026-10-06T20:21:17Z,2026-10-06T20:21:17Z,,0
10502841145,1,13212,13212,2026-10-06T20:21:17Z,2026-10-06T20:21:17Z,,0
10503838245,1,425,425,2026-10-06T20:21:17Z,2026-10-06T20:21:17Z,,0
10504918958,1,1845,1845,2026-10-06T20:21:17Z,2026-10-06T20:21:17Z,,0
10508386614,1,394,394,2026-10-06T20:21:17Z,2026-10-06T20:21:17Z,,0
10512942223,1,15308,15308,2026-10-06T20:21:17Z,2026-10-06T20:21:17Z,,0
10514223296,1,,,,2026-10-06T20:21:17Z,,1
10514280922,1,923,923,2026-10-06T20:21:17Z,2026-10-06T20:21:17Z,,0
10520829450,1,2855,2855,2026-10-06T20:21:17Z,2026-10-06T20:21:17Z,,0
10521797740,1,4063,4063,2026-10-06T20:21:17Z,2026-10-06T20:21:17Z,,0
10524813259,1,2191,2191,2026-10-06T20:21:17Z,2026-10-06T20:21:17Z,,0
10526463655,1,5017,5017,2026-10-06T20:21:17Z,2026-10-06T20:21:17Z,,0
10526853622,1,6495,6495,2026-10-06T20:21:17Z,2026-10-06T20:21:17Z,,0
10529067596,1,1109,1109,2026-10-06T20:21:17Z,2026-10-06T20:21:17Z,,0
10529769390,1,6128,6128,2026-10-06T20:21:17Z,2026-10-06T20:21:17Z,,0
10532995815,1,5927,5927,2026-10-06T20:21:17Z,2026-10-06T20:21:17Z,,0
10533638982,1,1072,1072,2026-10-06T20:21:17Z,2026-10-06T20:21:17Z,,0
10534873486,1,2614,2614,2026-10-06T20:21:17Z,2026-10-06T20:21:17Z,,0
10539411000,1,10663,10663,2026-10-06T20:21:17Z,2026-10-06T20:21:17Z,,0
10541331578,1,1103,1103,2026-10-06T20:21:17Z,2026-10-06T20:21:17Z,,0
10550257968,1,11021,11021,2026-10-06T20:21:17Z,2026-10-06T20:21:17Z,,0
10552240401,1,4537,4537,2026-10-06T20:21:17Z,2026-10-06T20:21:17Z,,0
10552540426,1,2245,2245,2026-10-06T20:21:17Z,2026-10-06T20:21:17Z,,0
10553704684,1,6705,6705,2026-10-06T20:21:17Z,2026-10-06T20:21:17Z,,0
10561166339,1,5572,5572,2026-10-06T20:21:17Z,2026-10-06T20:21:17Z,,0
10561309674,1,825,825,2026-10-06T20:21:17Z,2026-10-06T20:21:17Z,,0
10563114921,1,956473,956473,2026-10-06T20:21:17Z,2026-10-06T20:21:17Z,,0
10565445771,1,805,805,2026-10-06T20:21:17Z,2026-10-06T20:21:17Z,,0
10566677406,1,3285,3285,2026-10-06T20:21:17Z,2026-10-06T20:21:17Z,,0
10569930060,1,468,468,2026-10-06T20:21:17Z,2026-10-06T20:21:17Z,,0
10572887321,1,2405,2405,2026-10-06T20:21:17Z,2026-10-06T20:21:17Z,,0
10576739951,1,2129,2129,2026-10-06T20:21:17Z,2026-10-06T20:21:17Z,,0
10577588270,1,3202,3202,2026-10-06T20:21:17Z,2026-10-06T20:21:17Z,,0
10577682617,1,2672,2672,2026-10-06T20:21:17Z,2026-10-06T20:21:17Z,,0
10579389074,1,1417,1417,2026-10-06T20:21:17Z,2026-10-06T20:21:17Z,,0
10589388621,1,555,555,2026-10-06T20:21:17Z,2026-10-06T20:21:17Z,,0
10589881655,1,2850,2850,2026-10-06T20:21:17Z,2026-10-06T20:21:17Z,,0
10597001332,1,6191,6191,2026-10-06T20:21:17Z,2026-10-06T20:21:17Z,,0
10598688389,1,2805,2805,2026-10-06T20:21:17Z,2026-10-06T20:21:17Z,,0
10601155553,1,4790,4790,2026-10-06T20:21:17Z,2026-10-06T20:21:17Z,,0
10603011269,1,,,,2026-10-06T20:21:17Z,,1
10608856704,1,6686,6686,2026-10-06T20:21:17Z,2026-10-06T20:21:17Z,,0
10612017628,1,2586,2586,2026-10-06T20:21:17Z,2026-10-06T20:21:17Z,,0
10624691669,1,7567,7567,2026-10-06T20:21:17Z,2026-10-06T20:21:17Z,,0
10626746750,1,856,856,2026-10-06T20:21:17Z,2026-10-06T20:21:17Z,,0
10628006421,1,915,915,2026-10-06T20:21:17Z,2026-10-06T20:21:17Z,,0
10628223804,1,2918,2918,2026-10-06T20:21:17Z,2026-10-06T20:21:17Z,,0
10628526114,1,3804,3804,2026-10-06T20:21:17Z,2026-10-06T20:21:17Z,,0
10630800860,1,10726,10726,2026-10-06T20:21:17Z,2026-10-06T20:21:17Z,,0
10631775021,1,2659,2659,2026-10-06T20:21:17Z,2026-10-06T20:21:17Z,,0
10634461028,1,8713,8713,2026-10-06T20:21:17Z,2026-10-06T20:21:17Z,,0
10635348596,1,2537,2537,2026-10-06T20:21:17Z,2026-10-06T20:21:17Z,,0
10636331438,1,6917,6917,2026-10-06T20:21:17Z,2026-10-06T20:21:17Z,,0
10637759898,1,1533,1533,2026-10-06T20:21:17Z,2026-10-06T20:21:17Z,,0
10641300771,1,1151,1151,2026-10-06T20:21:17Z,2026-10-06T20:21:17Z,,0
10642548584,1,673,673,2026-10-06T20:21:17Z,2026-10-06T20:21:17Z,,0
10642702105,1,615,615,2026-10-06T20:21:17Z,2026-10-06T20:21:17Z,,0
10643795368,1,4348,4348,2026-10-06T20:21:17Z,2026-10-06T20:21:17Z,,0
10643877552,1,2087,2087,2026-10-06T20:21:17Z,2026-10-06T20:21:17Z,,0
10648640958,1,,,,2026-10-06T20:21:17Z,,1
10648820673,1,1552,1552,2026-10-06T20:21:17Z,2026-10-06T20:21:17Z,,0
10649255304,1,2146,2146,2026-10-06T20:21:17Z,2026-10-06T20:21:17Z,,0
10665420648,1,7728,7728,2026-10-06T20:21:17Z,2026-10-06T20:21:17Z,,0
10667006841,1,1524,1524,2026-10-06T20:21:17Z,2026-10-06T20:21:17Z,,0
10667357873,1,6855,6855,2026-10-06T20:21:17Z,2026-10-06T20:21:17Z,,0
10667860714,1,,,,2026-10-06T20:21:17Z,,1
10673920146,1,11719,11719,2026-10-06T20:21:17Z,2026-10-06T20:21:17Z,,0
10675117523,1,14448,14448,2026-10-06T20:21:17Z,2026-10-06T20:21:17Z,,0
10677698797,1,3639,3639,2026-10-06T20:21:17Z,2026-10-06T20:21:17Z,,0
10681914462,1,11449,11449,2026-10-06T20:21:17Z,2026-10-06T20:21:17Z,,0
10684750879,1,29015,29015,2026-10-06T20:21:17Z,2026-10-06T20:21:17Z,,0
10685282333,1,25184,25184,2026-10-06T20:21:17Z,2026-10-06T20:21:17Z,,0
10690360998,1,1930,1930,2026-10-06T20:21:17Z,2026-10-06T20:21:17Z,,0
10690942083,1,3630,3630,2026-10-06T20:21:17Z,2026-10-06T20:21:17Z,,0
10696894951,1,3436,3436,2026-10-06T20:21:17Z,2026-10-06T20:21:17Z,,0
10698216738,1,4062,4062,2026-10-06T20:21:17Z,2026-10-06T20:21:17Z,,0
10699057921,1,499,499,2026-10-06T20:21:17Z,2026-10-06T20:21:17Z,,0
10700618962,1,10888,10888,2026-10-06T20:21:17Z,2026-10-06T20:21:17Z,,0
10701628624,1,9502,9502,2026-10-06T20:21:17Z,2026-10-06T20:21:17Z,,0
10708913337,1,59720,59720,2026-10-06T20:21:17Z,2026-10-06T20:21:17Z,,0
10714746778,1,3612,3612,2026-10-06T20:21:17Z,2026-10-06T20:21:17Z,,0
10717002748,1,3986,3986,2026-10-06T20:21:17Z,2026-10-06T20:21:17Z,,0
10717199977,1,4755,4755,2026-10-06T20:21:17Z,2026-10-06T20:21:17Z,,0
10724269636,1,2178,2178,2026-10-06T20:21:17Z,2026-10-06T20:21:17Z,,0
10730414817,1,884,884,2026-10-06T20:21:17Z,2026-10-06T20:21:17Z,,0
10732236937,1,10192,10192,2026-10-06T20:21:17Z,2026-10-06T20:21:17Z,,0
10733110573,1,984,984,2026-10-06T20:21:17Z,2026-10-06T20:21:17Z,,0
10737656087,1,5942,5942,2026-10-06T20:21:17Z,2026-10-06T20:21:17Z,,0
10737986845,1,4648,4648,2026-10-06T20:21:17Z,2026-10-06T20:21:17Z,,0
10739044772,1,3205,3205,2026-10-06T20:21:17Z,2026-10-06T20:21:17Z,,0
10739112966,1,4309,4309,2026-10-06T20:21:17Z,2026-10-06T20:21:17Z,,0
10740316645,1,6465,6465,2026-10-06T20:21:17Z,2026-10-06T20:21:17Z,,0
10741302505,1,1772,1772,2026-10-06T20:21:17Z,2026-10-06T20:21:17Z,,0
10741514942,1,10023,10023,2026-10-06T20:21:17Z,2026-10-06T20:21:17Z,,0
10741654282,1,9592,9592,2026-10-06T20:21:17Z,2026-10-06T20:21:17Z,,0
10741792653,1,2806,2806,2026-10-06T20:21:17Z,2026-10-06T20:21:17Z,,0
10742937135,1,3093,3093,2026-10-06T20:21:17Z,2026-10-06T20:21:17Z,,0
10743048214,1,3672,3672,2026-10-06T20:21:17Z,2026-10-06T20:21:17Z,,0
10744310825,1,13595,13595,2026-10-06T20:21:17Z,2026-10-06T20:21:17Z,,0
10748543623,1,3578,3578,2026-10-06T20:21:17Z,2026-10-06T20:21:17Z,,0
10752833252,1,3329,3329,2026-10-06T20:21:17Z,2026-10-06T20:21:17Z,,0
10753487407,1,2144,2144,2026-10-06T20:21:17Z,2026-10-06T20:21:17Z,,0
10753751277,1,5537,5537,2026-10-06T20:21:17Z,2026-10-06T20:21:17Z,,0
10756011174,1,17019,17019,2026-10-06T20:21:17Z,2026-10-06T20:21:17Z,,0
10756780270,1,2421,2421,2026-10-06T20:21:17Z,2026-10-06T20:21:17Z,,0
10757498504,1,1961,1961,2026-10-06T20:21:17Z,2026-10-06T20:21:17Z,,0
10757704931,1,3227,3227,2026-10-06T20:21:17Z,2026-10-06T20:21:17Z,,0
10758397570,1,3320,3320,2026-10-06T20:21:17Z,2026-10-06T20:21:17Z,,0
10759337137,1,4334,4334,2026-10-06T20:21:17Z,2026-10-06T20:21:17Z,,0
10759430423,1,3630,3630,2026-10-06T20:21:17Z,2026-10-06T20:21:17Z,,0
10759478428,1,3965,3965,2026-10-06T20:21:17Z,2026-10-06T20:21:17Z,,0
10759518799,1,5162,5162,2026-10-06T20:21:17Z,2026-10-06T20:21:17Z,,0
10759594563,1,2095,2095,2026-10-06T20:21:17Z,2026-10-06T20:21:17Z,,0
10759638075,1,6206,6206,2026-10-06T20:21:17Z,2026-10-06T20:21:17Z,,0
10761143648,1,,,,2026-10-06T20:21:17Z,,1
10761200080,1,,,,2026-10-06T20:21:17Z,,1
10761375938,1,2050,2050,2026-10-06T20:21:17Z,2026-10-06T20:21:17Z,,0
10761687472,1,,,,2026-10-06T20:21:17Z,,1
10762388019,1,5908,5908,2026-10-06T20:21:17Z,2026-10-06T20:21:17Z,,0
10762636904,1,1233,1233,2026-10-06T20:21:17Z,2026-10-06T20:21:17Z,,0
10762757054,1,5440,5440,2026-10-06T20:21:17Z,2026-10-06T20:21:17Z,,0
10762798338,1,2055,2055,2026-10-06T20:21:17Z,2026-10-06T20:21:17Z,,0
10763764817,1,7398,7398,2026-10-06T20:21:17Z,2026-10-06T20:21:17Z,,0
10764297006,1,5981,5981,2026-10-06T20:21:17Z,2026-10-06T20:21:17Z,,0
10764300350,1,1631,1631,2026-10-06T20:21:17Z,2026-10-06T20:21:17Z,,0
10764385875,1,774,774,2026-10-06T20:21:17Z,2026-10-06T20:21:17Z,,0
10764404786,1,,,,2026-10-06T20:21:17Z,,1
10764412489,1,873,873,2026-10-06T20:21:17Z,2026-10-06T20:21:17Z,,0
10764415267,1,2083,2083,2026-10-06T20:21:17Z,2026-10-06T20:21:17Z,,0
10764479526,1,,,,2026-10-06T20:21:17Z,,1
10764533320,1,5274,5274,2026-10-06T20:21:17Z,2026-10-06T20:21:17Z,,0
10764613327,1,7368,7368,2026-10-06T20:21:17Z,2026-10-06T20:21:17Z,,0
10764627709,1,90793,90793,2026-10-06T20:21:17Z,2026-10-06T20:21:17Z,,0
10764640833,1,3574,3574,2026-10-06T20:21:17Z,2026-10-06T20:21:17Z,,0
10764706572,1,3324,3324,2026-10-06T20:21:17Z,2026-10-06T20:21:17Z,,0
10764794065,1,2999,2999,2026-10-06T20:21:17Z,2026-10-06T20:21:17Z,,0
10764839604,1,4028,4028,2026-10-06T20:21:17Z,2026-10-06T20:21:17Z,,0
10764887435,1,1064,1064,2026-10-06T20:21:17Z,2026-10-06T20:21:17Z,,0
10764897725,1,6973,6973,2026-10-06T20:21:17Z,2026-10-06T20:21:17Z,,0
10764967952,1,1055,1055,2026-10-06T20:21:17Z,2026-10-06T20:21:17Z,,0
10764980068,1,3844,3844,2026-10-06T20:21:17Z,2026-10-06T20:21:17Z,,0
10765012427,1,15141,15141,2026-10-06T20:21:17Z,2026-10-06T20:21:17Z,,0
10765013362,1,8055,8055,2026-10-06T20:21:17Z,2026-10-06T20:21:17Z,,0
10765032875,1,2996,2996,2026-10-06T20:21:17Z,2026-10-06T20:21:17Z,,0
10765067592,1,6476,6476,2026-10-06T20:21:17Z,2026-10-06T20:21:17Z,,0
10765091041,1,3068,3068,2026-10-06T20:21:17Z,2026-10-06T20:21:17Z,,0
10765153945,1,8363,8363,2026-10-06T20:21:17Z,2026-10-06T20:21:17Z,,0
10765167636,1,2377,2377,2026-10-06T20:21:17Z,2026-10-06T20:21:17Z,,0
10765279487,1,2471,2471,2026-10-06T20:21:17Z,2026-10-06T20:21:17Z,,0
10765288803,1,38403,38403,2026-10-06T20:21:17Z,2026-10-06T20:21:17Z,,0
10765298801,1,31437,31437,2026-10-06T20:21:17Z,2026-10-06T20:21:17Z,,0
10765563835,1,2325,2325,2026-10-06T20:21:17Z,2026-10-06T20:21:17Z,,0
10765579304,1,1243,1243,2026-10-06T20:21:17Z,2026-10-06T20:21:17Z,,0
10765582175,1,8074,8074,2026-10-06T20:21:17Z,2026-10-06T20:21:17Z,,0
10765629147,1,4242,4242,2026-10-06T20:21:17Z,2026-10-06T20:21:17Z,,0
10765686447,1,14746,14746,2026-10-06T20:21:17Z,2026-10-06T20:21:17Z,,0
10765708310,1,1068,1068,2026-10-06T20:21:17Z,2026-10-06T20:21:17Z,,0
10765718108,1,361,361,2026-10-06T20:21:17Z,2026-10-06T20:21:17Z,,0
10765748731,1,2783,2783,2026-10-06T20:21:17Z,2026-10-06T20:21:17Z,,0
10765751583,1,4596,4596,2026-10-06T20:21:17Z,2026-10-06T20:21:17Z,,0
10765764482,1,2430,2430,2026-10-06T20:21:17Z,2026-10-06T20:21:17Z,,0
10765834825,1,766,766,2026-10-06T20:21:17Z,2026-10-06T20:21:17Z,,0
10765902945,1,4248,4248,2026-10-06T20:21:17Z,2026-10-06T20:21:17Z,,0
10765906597,1,5028,5028,2026-10-06T20:21:17Z,2026-10-06T20:21:17Z,,0
10765927544,1,654,654,2026-10-06T20:21:17Z,2026-10-06T20:21:17Z,,0
10765950109,1,3682,3682,2026-10-06T20:21:17Z,2026-10-06T20:21:17Z,,0
10765951887,1,2798,2798,2026-10-06T20:21:17Z,2026-10-06T20:21:17Z,,0
10766008884,1,7289,7289,2026-10-06T20:21:17Z,2026-10-06T20:21:17Z,,0
10766009412,1,1224,1224,2026-10-06T20:21:17Z,2026-10-06T20:21:17Z,,0
10766056678,1,15695,15695,2026-10-06T20:21:17Z,2026-10-06T20:21:17Z,,0
10766057873,1,541,541,2026-10-06T20:21:17Z,2026-10-06T20:21:17Z,,0
10766135603,1,2672,2672,2026-10-06T20:21:17Z,2026-10-06T20:21:17Z,,0
10766138478,1,6112,6112,2026-10-06T20:21:17Z,2026-10-06T20:21:17Z,,0
10766142497,1,3639,3639,2026-10-06T20:21:17Z,2026-10-06T20:21:17Z,,0
10766222230,1,754,754,2026-10-06T20:21:17Z,2026-10-06T20:21:17Z,,0
10766240516,1,3954,3954,2026-10-06T20:21:17Z,2026-10-06T20:21:17Z,,0
10766257839,1,762,762,2026-10-06T20:21:17Z,2026-10-06T20:21:17Z,,0
10766309747,1,5054,5054,2026-10-06T20:21:17Z,2026-10-06T20:21:17Z,,0
10766349481,1,1333,1333,2026-10-06T20:21:17Z,2026-10-06T20:21:17Z,,0
10766364164,1,3702,3702,2026-10-06T20:21:17Z,2026-10-06T20:21:17Z,,0
10766390665,1,4695,4695,2026-10-06T20:21:17Z,2026-10-06T20:21:17Z,,0
10766395909,1,4396,4396,2026-10-06T20:21:17Z,2026-10-06T20:21:17Z,,0
10766399546,1,1636,1636,2026-10-06T20:21:17Z,2026-10-06T20:21:17Z,,0
10766420770,1,707,707,2026-10-06T20:21:17Z,2026-10-06T20:21:17Z,,0
10766440903,1,2138,2138,2026-10-06T20:21:17Z,2026-10-06T20:21:17Z,,0
10766494202,1,,,,2026-10-06T20:21:17Z,,1
10766502612,1,2729,2729,2026-10-06T20:21:17Z,2026-10-06T20:21:17Z,,0
10766506199,1,14612,14612,2026-10-06T20:21:17Z,2026-10-06T20:21:17Z,,0
10766687030,1,4120,4120,2026-10-06T20:21:17Z,2026-10-06T20:21:17Z,,0
10766721625,1,8527,8527,2026-10-06T20:21:17Z,2026-10-06T20:21:17Z,,0
10766725034,1,6554,6554,2026-10-06T20:21:17Z,2026-10-06T20:21:17Z,,0
10766773917,1,3098,3098,2026-10-06T20:21:17Z,2026-10-06T20:21:17Z,,0
10766812776,1,4182,4182,2026-10-06T20:21:17Z,2026-10-06T20:21:17Z,,0
10767012496,1,10079,10079,2026-10-06T20:21:17Z,2026-10-06T20:21:17Z,,0
10767183467,1,1255,1255,2026-10-06T20:21:17Z,2026-10-06T20:21:17Z,,0
10767240772,1,5340,5340,2026-10-06T20:21:17Z,2026-10-06T20:21:17Z,,0
10767408330,1,10600,10600,2026-10-06T20:21:17Z,2026-10-06T20:21:17Z,,0
10767545737,1,1373,1373,2026-10-06T20:21:17Z,2026-10-06T20:21:17Z,,0
10767582899,1,4872,4872,2026-10-06T20:21:17Z,2026-10-06T20:21:17Z,,0
10767628417,1,3740,3740,2026-10-06T20:21:17Z,2026-10-06T20:21:17Z,,0
10767634248,1,13603,13603,2026-10-06T20:21:17Z,2026-10-06T20:21:17Z,,0
10767657583,1,1074,1074,2026-10-06T20:21:17Z,2026-10-06T20:21:17Z,,0
10767824942,1,3924,3924,2026-10-06T20:21:17Z,2026-10-06T20:21:17Z,,0
10767825538,1,13043,13043,2026-10-06T20:21:17Z,2026-10-06T20:21:17Z,,0
10767858548,1,1776,1776,2026-10-06T20:21:17Z,2026-10-06T20:21:17Z,,0
10767922762,1,2727,2727,2026-10-06T20:21:17Z,2026-10-06T20:21:17Z,,0
10767957681,1,1958,1958,2026-10-06T20:21:17Z,2026-10-06T20:21:17Z,,0
10768176407,1,4073,4073,2026-10-06T20:21:17Z,2026-10-06T20:21:17Z,,0
10768373808,1,956,956,2026-10-06T20:21:17Z,2026-10-06T20:21:17Z,,0
10768462078,1,,,,2026-10-06T20:21:17Z,,1
10768565603,1,5740,5740,2026-10-06T20:21:17Z,2026-10-06T20:21:17Z,,0
10768944292,1,1440,1440,2026-10-06T20:21:17Z,2026-10-06T20:21:17Z,,0
10769066324,1,2484,2484,2026-10-06T20:21:17Z,2026-10-06T20:21:17Z,,0
