place_id,universe_id
127994242634536,8901905971
117951390082378,10764926550
128736949265057,9199655655
94823097601547,10715453071
128448883585036,10516066038
124061247871628,10701628624
76838459031868,10001039611
12699642568,4452297356
6358567974,2355999843
114697347887839,10144280947
117985153726741,10553704684
98610101874791,10766138478
7305309231,2851381018
102489700929678,10605467256
111063058742520,10043030167
15318113891,5283219861
70906625936847,6443367640
113506071094099,7996365376
119271610514030,9491545867
6205205961,2274830359
135193469413243,8160348242
10941514720,3945578236
101914772188620,9490116046
121780816998126,10717199977
14236925335,4924789901
133294838637122,10551595617
88611017452341,10764839604
72920620366355,8307114974
6507422231,2435789930
106838580527183,10440342381
87468080405188,10123059921
127380660530951,7058980030
14238596528,4925331346
92122513197996,9145063979
137826330724902,8539298853
113745337705295,9296042754
12931609417,4523856444
120951586797306,10690942083
138860257448193,10714746778
139020444733179,10696894951
137925884276740,7822444776
113232329524315,7497471789
3457390032,1230230722
96168869671905,9472441390
128263975853774,7434179990
18753889337,6353751159
13482468151,4689722433
134679507313109,10758397570
15507022415,5351168809
119068914321553,9741874508
98894876188248,9780429221
15269951959,5265857965
85624479560888,10308844888
119031818630096,10628223804
90038414385014,10458789587
15768329004,5451143054
114381378262504,10119624374
114122724051462,10520829450
84403204002907,10765032875
83569851223739,10057343903
5985232436,2157872230
129279692364812,7623259179
4111023553,1359573625
93829858358973,10152905521
92700582787930,10286150288
7117492592,2754593977
9192423027,3448264866
4580204640,1489026993
18799085098,6369934270
112413741511713,7127084123
122507029092776,10577682617
105904727825849,10598688389
124731807130219,10534873486
98502499119821,8342498724
126815230666914,9803970239
131117978948830,7155018773
72387437800091,9506013695
102555956950143,10766135603
4850588087,1648496580
131623223084840,9363735110
5671985295,1999874107
6382584061,2369077151
10253248401,3754482795
115681808123944,10131390815
17577256698,6017624138
17882166032,6128091457
14301835518,4944984948
108645230905176,10244001346
125488740127641,8752324161
130404059693601,10096155511
5712833750,2023680558
6804602922,2583564222
119355263204054,10310563053
1554960397,605887098
5118969548,1776914212
125466848790058,10046786918
115618367729321,9877481048
6884319169,2626227051
117868278782684,7843413523
11392373641,4053293514
102837194624695,9807649116
102422301065716,10766239678
90913221847091,6505338302
129692563688057,10455741150
15930174396,5508238359
6366329104,2360092394
6816975827,2589957623
80000420704526,10418117926
120135584963579,8791358380
7074772062,2729513759
8317834514,3187874989
16272604134,5615055859
21532277,16680835
83376581471284,10724269636
70640255604878,10649255304
131103239963274,10255788071
14475396559,4998493959
138205182571367,10329489265
5593925613,1954152886
86524001536792,9216313546
71599043035739,9735583968
129902688314105,10766440903
5286116071,1851087906
7670825572,2979369058
124338404742585,10232686472
13473615074,4686994428
71647256260480,7917550094
113385977463481,10576739951
18102078939,6136243726
84525826229916,10127797448
80200604311136,6751447237
119168493101362,10013279162
4889315193,1668992109
119865329453489,7194739190
133943904733338,10269820836
7971857341,3079618996
79548014923991,9549278601
82983707799188,9481391333
78933302895115,10757498504
112333343527957,10394064134
6243699076,2294168059
7241858214,2821905072
135155039067698,7780633647
98629859043211,6568417585
13166293021,4595016786
96796259580891,7787359931
114501358617756,7960300951
17192092512,5887211857
126870639873289,10690360998
120790217521707,7081611770
135535794227264,8965717730
136404558442020,8836568224
113460023824827,10586746293
129305872972839,9272395657
13416197699,4669328522
71895508397153,7344582593
16480898254,5677613211
6263431107,2305929206
70670854739587,10482775464
118608618152057,10069043526
72248722616845,10059548251
14567590300,5026970880
127078880769763,9711289915
6520999642,2443177453
10260193230,3756501373
99255447043899,9963622286
2968914904,1072353049
121268060261990,9501701013
70911358699250,9851352969
116070952245255,10604772590
119579217517090,9513686983
135678396831347,10047813675
102054284786904,9912025777
129253568870286,10060242820
13755196581,4772345874
109258067111533,7015341259
103285721487694,9906154135
5670218884,1998835206
18218605381,6176333237
815405518,341654025
70390793715007,9663968307
128662368175518,6593476325
81239378558719,7823137182
6128441278,2233937689
7605357829,2954818192
113457460682474,8006379851
7367863399,2872881913
3242417672,1171251167
14835828495,5112244393
8122612051,3124818385
80898524797320,7628118889
6737970321,2549475383
86247128610772,10530261598
132768098780837,10378885079
10704789056,3876150506
14212732626,4917368083
17581668152,6019027471
73908022013371,8925924444
114861592677288,6651302260
71099982892966,10130749197
119822977170203,10184247393
12397515839,4362587875
110627433764494,10065013948
13159565330,4592676978
18183902003,6164853651
76526090659517,10094225577
15288629078,5272606478
109509029034984,10067258922
12640491155,4434528807
86374876468143,9395278151
12262046571,4319996251
133203197541113,9815834699
124293095895786,10628907188
5777099015,2049551477
111835260646713,8881302585
91746497060666,9125259344
221718525,97314177
90184287580174,10112019404
9791603388,3624423521
17045823120,5844427042
16488030559,5679753654
118973301158777,9759082891
71457452830106,9522015993
1343871267,540382210
106187832607756,8600977079
88323040672117,7528417535
98303142742576,7874651625
132287558697665,6787644864
127099886596040,6579282112
99183404085821,10718240577
140322231839637,10765763629
6939111033,2655478023
140481779622210,8504461817
373513488,140733710
74511210941284,10397566868
18153851914,6154386310
75568173037446,10136067263
100178831086674,9758027784
119609933650338,10350558449
96280251181127,9496852407
10576142169,3841172115
100453351939863,9169166771
8204899140,3150475059
18803315158,6371309794
101009821472804,8613176669
119455737640001,9774284077
106287315699545,9781580133
16446142514,5665943560
134361906638337,8296765616
5702593762,2017809925
113323927469374,6688157118
8034026074,3097803944
12495498157,4391829435
6104994594,2220495353
71174733280934,8322865535
18688598012,6332376065
124729731716967,10575619152
16220287667,5599532653
4954096313,1701332290
96993839570687,10110316965
106383201135975,10737231383
105355546387524,10456511458
10224049386,3746418487
108517691661499,10766105412
127415661078736,9539483725
73101851322368,6937137675
87046419551816,10546705891
134807373415131,10108046010
12407250267,4365819446
82539019711975,9776222468
132678066262863,9276049439
15270182488,5265950669
15784744207,5456952508
98679602313466,8669550197
100034344773758,10103595714
125306084071551,10393620082
122702016864571,10501640692
99122501338948,8238863102
74968636725538,10759415852
104485012391716,10441199872
11727501024,4153755477
122498324859761,10763714513
80279663815725,6601115643
130700367963690,6858584271
14458936637,4994161230
139617346573330,10030829154
107833198839573,7283491781
99758842280353,7073604286
16907212609,5806843156
9404223526,3512256796
108767400143329,9320470390
136533956395153,9837325548
107792622719098,6940206974
17720162456,6069634717
80158232099900,9906378607
104809044319701,10544327471
127082754898219,10765481558
102917792916356,8546873728
15546218972,5365966699
14044547200,4864117649
9922455303,3661343497
253431746,104598338
18192562963,6167925365
16867505761,5795519964
4480809144,1430007363
136431686349723,7229780065
12090482034,4267277633
108843562394237,9564673841
11862502039,4197966812
76427490154192,10197758650
16653555262,5728147388
88412811497379,9697502306
120252007682677,10761375767
104526416639079,10765078176
205224386,93740418
113604074601559,7812848099
78131609782350,10680768992
138837502355157,6508759464
95094324354820,9142917248
81703830622949,7911332924
74994442538508,9344916045
129163919591388,7212930772
75250668697932,10765061113
96645548064314,9091133975
127737908858963,6530766336
11364087119,4044579438
16962279458,5822068820
71376979720403,10456881513
73526576502092,8488806742
5171093784,1802622907
139995416758538,10149910491
105555311806207,8066283370
10696301650,3873871110
111262527555232,10616474341
97042065873644,9843234816
100293509865504,10516888336
15135285305,5216419122
18512318831,6272727021
8715472568,3311164447
1588965415,616165168
77747658251236,9186719164
4566572536,1480782352
72019577565540,7687524641
74256669508761,8662243497
106078822951099,6818915584
86943068337855,10647949490
11653088948,4130569984
79454007962937,9714537627
89490838554710,9765324104
73768006371986,10274447949
107377364123237,10091766471
102457672839885,10211159992
7577961216,2943850166
11276071411,4019583467
76812848652979,10188144423
4850533156,1648467492
18376355901,6229706789
8657766101,3293514480
85659091508300,10281666052
109686116036889,7453941040
15694891095,5421899973
71394819414417,8724785394
130880054413998,9298096434
126016859830524,10757504146
138381251771774,10267363348
94495283121683,9257800423
99513630394609,10537172776
2913303231,1053132402
72763503064951,10140010190
113581963143008,7760134732
174238106,83148140
105373497661352,10162859180
102591055755796,9404155369
9273658706,3472976893
9534337535,3551414857
6020247720,2176187244
9414511685,3515267380
83264774625004,10547918402
89035794510548,10438013523
103767961452227,10757247806
79267089300389,10253446435
8542259458,3258873704
133379826754141,9599808796
263761432,107172930
4796443083,1617287243
104812936457083,9900286623
10660791703,3864279452
103874780798870,7738927312
14451515684,4991821731
292628125,571251690
9089190262,3417194043
84256892855657,7747782974
137287903930382,9399884981
112966546347918,8420907710
15213956324,5244979723
130253630950453,10092619788
115286378269814,8014099969
83948716312312,6451948378
105688896121506,6760897304
16518256559,5688684783
5152425034,1794056685
8328351891,3191268194
101304595834078,10418224975
6305582775,2327461601
137541498231955,7646154613
4104106043,1358133289
73578698401320,10399413858
8003084678,3088609243
8388259310,3210778402
85011874799856,6487579144
18180736634,6163884815
18959440414,6421358579
3261957210,1177208440
4832438542,1638323641
79966250354565,9286558970
83325975879599,10204542673
84332574190497,9998576154
4448566543,1415710834
140317247681516,7265977477
7896264844,3056160040
103556382323599,7990186056
110527353762049,10495391267
129972079094718,10507075860
17188326828,5885971085
138432670504218,10247797619
139988436996662,9119782663
84156601481934,10469426282
96153864779911,9219116196
121461214257813,9655781693
5901440255,2113323331
13189735542,4601145322
111442376436641,9950410865
7071444234,2727447177
76137189788863,7082423811
8838701772,3346892457
74341114342499,10700505394
127458871780090,9104763985
12338455185,4343544885
126922689754590,7521520342
127152805777886,7114667385
2778230703,1003981402
101610294550592,9585346472
17457986005,5974860429
13118814103,4579085368
127103413498148,10583634958
14437001043,4987467534
139360679647453,7128163167
11273483795,4018794732
15113223607,5208051158
140477643689375,9732080947
112233638491976,10454554751
132046904416072,9660713566
6847090259,2605831977
90740816183375,10351850295
108439047160668,6599600818
4830581890,1637284552
72845937010155,8365871374
112857282410969,9892207761
10075248947,3704826615
72450672234943,10165276442
102574559184919,9155036056
110570058234582,6690355795
129768092435314,8883775493
5856880701,2087494287
85070260180613,9812090239
120704669141193,9933939850
12411473842,4367208330
101685456774656,6787216875
18758755773,6355251723
12076775711,4263371487
76503495566299,10694549945
2166944189,757291724
17324489187,5927446137
133719960214587,8374113155
17729873503,6072944764
86089763581353,7356195012
112345685575988,10537346933
122093998639862,9792551117
114357963370524,7143545906
123468479998097,7938992417
3398014311,1214576306
14842128242,5114328099
132823656935976,10335507006
139598620873181,6770632849
75541741887441,8198412649
108227239615000,9942734820
106131416903029,9156711629
16901389020,5805053299
79797693256658,9694335093
81549698024226,10297836599
118576822282213,10587328652
166731267,79609758
93010292807756,7721537973
110334393584385,10004760418
87018676608089,9588121608
9099326192,3420059569
103050497819513,9758688665
17759606919,6083162964
100722736774753,10383037602
86754403332185,8430503828
15111895255,5207621753
93696617476691,9952820791
120217704230083,8937254139
103593441753340,6495484417
9120716669,3426175130
118447215156914,8156973419
15654981113,5407131262
101432174163538,7128251171
88910662712492,10765332568
111894976456494,7450124099
119031147890918,10272975313
1128650291,465016798
99487541293863,10682099418
113814738390716,8646444640
106802314735486,10117986107
9558986910,3560583071
10149471313,3725528263
6686932749,2520686564
113385048266134,6751400610
78028206594931,9903482381
155382109,73754455
120329833999324,9510573507
118806061296143,9303771057
95319535505764,8869088870
134091628988403,9940944640
16331682055,5633615594
14833592591,5111507958
96462622512177,6657933195
84376037812256,10764888929
94860588848140,10528250136
16115051360,5568657754
136990058242546,9655921954
18260439047,6190248755
103589142326933,7069852763
114226238552788,8366716517
82075856475941,8759966530
115035699922620,10405785379
13184713709,4599924264
122216176958450,10764328008
71774876641249,10446291786
6445435958,2402796421
17255098561,5903289376
5984006660,2157233282
113956654824187,10765312940
117935850321807,10768023539
79312497897212,10767698786
134728380684025,10766578375
91064322438141,10752743876
132081245551901,10751939592
85103892698583,10603675889
137334925228489,9949148856
82648796375761,10704015784
100689340481763,9736593239
131667667758514,6466802953
127377897541228,9627655329
11848247239,4193032947
130565641176498,8828612659
6153766069,2247578975
88951201927122,9198323655
14721282186,5074882778
18984776765,6431828693
130960835358983,10405010493
95099570361956,10196985448
12828227139,4491246195
101893542756730,10766735253
123581964009368,8723526551
138801629175656,10765361336
94590879393563,7115773109
7199663966,2799421838
134707983960541,9029936173
133756580238784,10748586525
78839079957645,8450472355
127634932179327,10383973024
102518817130593,10764891927
74193805629461,10178802449
11694307960,4142544848
80038274908161,9514625031
18649596490,6318887244
79315121100812,10231871497
133188236593503,10506207587
12997619803,4543855070
122802147482832,8776018564
106490710325921,9620363363
18645473062,6317476162
120944686522212,10480747190
125810438250765,8950496606
86017989016432,7381952833
5720801512,2027832238
138182400257397,8041232013
91203203156283,9911988958
126541933894893,9960184903
124473577469410,9787206684
97438379434717,9701909402
109530157755211,10759860151
97777561575736,7662333120
10272636261,3759884822
10110568567,3715101004
138949299666923,10669713140
120140631282295,10406956174
70527259428459,9583356773
139874182509202,10335105369
120200839841232,10755094976
72216345408467,10504837200
137370015275609,10384890234
89180039807836,10377327838
16039690331,5544551093
6717367660,2538086639
128793328541327,10259258713
140302982046391,10421154706
31490825,21449357
124311897657957,9344307274
6218169544,2281570018
93265851514769,10139325104
99715891575923,9961389755
112816993332059,7141367886
129096378231329,10588977897
10290376430,3764631130
13587601484,4720386144
109170650911069,8641602265
70990751935174,10113997049
98067481349941,7317454210
135729108619936,8881105040
119524908037342,9316885643
15278322858,5269058522
112490729816320,9272693470
71647048889071,10020287053
75127349412719,10101367087
134750648450964,10020612607
99817148924004,7498898979
80342862330041,6691764291
73904017172892,9564490170
18138682962,6149186864
14237585680,4925010421
117752943664280,10364552556
138486812747835,10241000620
5708035517,2020908522
7253149844,2827951974
10118504428,3717250353
123213873176964,6710993025
8286149869,3177453609
70998903613713,6696082534
71229216166991,10272020404
120766736586332,10098095975
4836068080,1640395061
78699621133325,6500938341
86068599934040,10759661128
72212564918217,7907828295
11464559285,4075802159
125823964467491,10582281852
139766023909499,8080863905
124740268654741,10061100187
121443295737695,10765629453
443406476,169302362
121748721,52547718
83388257263676,10551923502
9879422661,3649378258
99269206016797,9550141430
83337738588990,10545879268
93787311916283,6707924214
100400297022629,6736482454
109715918987082,9952351777
124027312895188,7557272025
140462309938712,10526434002
92432535588391,9255588637
75753413268977,10181483914
74581423482101,10391461348
3956818381,1335695570
97270827479665,10742019356
129784419746425,9836330876
914010731,380704901
5829141886,2073329983
114639020543523,10351246089
14038329225,4862269388
90367590248857,7373989866
16159871483,5582285009
72167803024670,9564659718
106920577206536,9889811676
96401370703274,10189601764
112626674737178,9364041968
130641102725850,10571722689
93233198656969,7139435866
6284583030,2316994223
17252752180,5902539844
328028363,147332621
71143154217953,7658676858
121439935748881,7735580090
101949297449238,7541395924
108948479536468,7656769029
127995006069066,9315739469
2210085102,770538576
70425863611748,10041928466
80139795758532,9210599831
9788848685,3623695803
92942575852492,8846911260
105742951729183,9958694666
16993432698,5830262966
16454399300,5668114043
16483433878,5678284602
85048226835181,9938429322
6728870912,2544520106
8416249767,3219620210
15077422637,5195168716
109167932163747,8890288888
82461912126439,8794536584
8356562067,3198546127
73153085372622,10172066108
115620466946909,9940725596
72462386094083,8330409552
113704687064411,10765855425
86723118213908,6824865908
90704250333473,10138977250
3214114884,1160789089
13083893317,4571439504
74588536318848,9707841805
4522347649,1452258989
129710357833881,9994252654
116605585218149,6764180126
94845773826960,7546582051
5926001758,2126386806
10679239752,3869462497
116058355775210,9785048253
15092647980,5200655965
10554647907,3835375262
109629391874197,6676099788
14662419251,5056259915
17612027930,6030909708
137849500783095,10343795685
5589967659,1952819680
7909596432,3060525991
103731330407395,7577791613
118637423917462,7658304545
136822524519115,10535292470
13358869778,4652129092
97630670804505,8123308765
11708967881,4147392742
103138601755519,10664667515
5683833663,2007050448
101733180974837,8375166760
84692574040798,8223345519
107727386530697,7794218964
132768306953643,8313824597
112796336189704,10272236945
18156286285,6155282395
87311102000285,9084112733
137141927876398,9859948536
5343994291,1871908106
13384322856,4659996100
124943244212764,6961334611
139621660140863,9484893818
104808235862933,10182049622
106487781999308,7120911607
7239319209,2820580801
12979690461,4538598064
93953121730240,10180990272
14263744022,4933348430
128329680321338,10329213173
15781012611,5455619189
71852303862507,7613970129
117327625970270,7651243549
5104202731,1769712451
105954652742326,10531477636
4872321990,1659645941
7491927311,2916593387
76377501906469,10747748563
120154566897536,7037902226
8412352352,3218272328
12398038681,4362771421
133345376331809,9929870476
123698673940079,10496981141
71443883879110,10727829780
4954512662,1701518532
88234622381007,7939389895
137533474840546,10061909806
71706515477118,9499439936
8888175049,3360454744
18864551515,6389489439
124536519436305,7893073096
10745043766,3887521769
77055804426903,9669297195
112619156837009,10418381226
17798223108,6097519616
110793563946846,10284380969
90899406152758,7641240255
122353518030208,10083552936
91695551099066,10011808151
120299070926116,9312746495
17122706530,5866486371
82904798643396,10007524016
14337656835,4956911744
3255508650,1175471394
3297964905,1187091887
78724900430513,10329995185
140394347586611,7290225649
10595058975,3846592040
98393605725180,10372351735
76603753346534,9338511689
13698105873,4753878751
98951612738714,10198825880
102935804413553,7968055762
114043013325512,9980643140
9748721976,3613478757
122593073500987,9130827443
123724279728430,10683945170
103185879508967,10292947079
82745432464897,10420582875
110280222997707,6646518350
111199269199811,8343243056
87214116277191,8095834523
18382602608,6231868526
102553576537621,10409732219
123995199638321,9750146698
13141106123,4586990985
15251574108,5259044414
119209026892378,10179193118
70994695337243,10480998942
89715555556831,10737626980
15444929588,5329077236
16446180574,5665954430
2474168535,873703865
7645738534,2970472544
98552665283269,7126976930
114146618644145,10642022844
114549747848211,10192659240
73398239244597,8294794009
94462883754671,10544339689
139394516128799,7266261686
13110267312,4576226059
107645101488133,9874419878
93563420945975,6797677834
18396029140,6236162143
70970763145070,6738135827
75366259315586,8353962342
10204250851,3741075732
74007353203361,8995269203
92690025306240,9852933243
4972091010,1709832923
7211666966,2805713501
12347771683,4346424098
128931272139211,10008606756
16550701481,5698013839
88932739628526,8017401632
245440965,102815652
98371023930528,9001634416
124675142564227,10242984742
16501421966,5683563195
83312952548612,7429689898
3025990139,1091907805
91296119701853,8243724761
106717722249176,10759485670
15509312676,5351931175
118889111240517,9511365396
6888253864,2628404708
12912701243,4518152312
18946933412,6417098982
18213102218,6174407103
91440994157417,9105075853
16055759911,5549835355
17457039279,5974510967
18260801046,6190384723
134750290201751,9639553972
76193707924033,7780208150
112584447398647,6649845578
99342262733194,6745933496
6610021055,2492481398
16825633506,5782268341
92415748858497,8204806107
131073412590872,9549133757
5023011856,1733898268
13416514259,4669435504
92141204718989,7599404611
17050349106,5845755850
75178747054941,7921879545
79860632214114,7943133183
122951224417794,8959257868
110584310129887,7800961209
97395358873146,10750406988
108730407897379,7569509385
102728511411085,6772885092
8069117419,3108473052
5044920251,1743990973
135038773889079,10384841418
76359009042963,9315472782
69118166,32211175
79831674333936,6595926329
5140123832,1787711941
13636013760,4734880740
135687112224956,10737256446
6011940308,2171758161
80692223709267,7857274278
82013336390273,8832884753
118952094447715,10160578219
117381420723145,9802644580
90784570995507,10270349664
101396571928321,10526166728
73778935267652,10767357183
76737571462455,9328305853
659222129,212154879
86022723355936,10205419329
127177791789316,7661385356
2317712696,807930589
10846691679,3916548970
14911088043,5137182603
86987168805667,6759889410
136107936984073,10256263771
103854444055060,9503696692
3117860193,1125307892
10118559731,3717264063
74919033309938,9868545229
137477646997636,7547226895
140033502516293,7707504980
662417684,279565647
4863916053,1654971928
8200787440,3149100453
18341181766,6217832823
89413975336733,7778848023
95417153338993,10430413968
6066404016,2200020629
13358463560,4652005960
2202352383,767752328
14350413280,4960950398
11137575513,3983828495
12933818947,4524605690
12986400307,4540494160
126330684723008,10577377368
128246781105927,6467516221
18199234764,6170013953
135486323963203,9825259729
18180213499,6163740913
78471443847948,9750361560
123983959217174,7498824809
131906518201863,8935993972
112107733863518,9501409571
1324061305,533435040
6727915552,2544016903
11832484500,4187559009
75646865566926,10203815049
98100179608264,8104504677
122433454504469,10187487133
