universe_id,art_style,map_style,confidence,notes,images_key,source,updated
66654135,classic_studs,lobby_rounds,0.6,"Blocky classic avatars, dark logo promo",ec2a1d1971,vision,2026-10-08T15:57:11Z
88070565,stylized,town_roleplay,0.85,"Detailed houses, playground, night streets",7f72a9e324,vision,2026-10-09T11:58:55Z
184199275,stylized,arena,0.8,"Blocky players on football field, bright lighting",c571104499,vision,2026-10-09T11:58:55Z
210851291,classic_studs,linear_course,0.8,Studded blocky boats down river stages,6f84e704df,vision,2026-10-10T11:58:29Z
372226183,dark_gritty,lobby_rounds,0.7,"Dark facility rooms, red glow, beast chases",307de0c78a,vision,2026-10-09T11:58:55Z
383310974,stylized,town_roleplay,0.75,"Rounded cartoon pets, pastel world",bb8aeed63c,vision,2026-10-10T11:58:29Z
601130232,simulator_bright,zone_progression,0.6,"Doodle collage promo, bright fields with bees",2b1dd51f66,vision,2026-10-09T11:58:55Z
648454481,anime,open_world,0.6,"Anime splash art, pirate world promo",1e3e7c26e0,vision,2026-10-09T11:58:55Z
703124385,simulator_bright,linear_course,0.75,"Neon tower sections, vertical obby climb",a91d5f10f0,vision,2026-10-08T15:57:11Z
994732206,anime,open_world,0.5,"Pure anime promo art, big VFX, no gameplay",5ac1b5898e,vision,2026-10-08T15:57:11Z
1000233041,dark_gritty,interior,0.85,"Dark store aisles, fog, low light",e0dc7b18b9,vision,2026-10-10T11:58:29Z
1176784616,stylized,tower_defense_lanes,0.65,"Promo character renders, dark lighting",752dcf3804,vision,2026-10-10T11:58:29Z
1202096104,realistic,open_world,0.85,"Realistic cars, city roads, real lighting",170424836a,vision,2026-10-10T11:58:29Z
1451869528,simulator_bright,linear_course,0.6,Choice doors on white tower stages,1b714f5d15,vision,2026-10-09T11:58:55Z
1516533665,dark_gritty,interior,0.6,"Dark purple Halloween promo, horror characters",0a4bb488c3,vision,2026-10-09T11:58:55Z
1686885941,stylized,town_roleplay,0.85,"Smooth town with hospital, police, shops",63b8fbb475,vision,2026-10-10T11:58:29Z
1831550657,stylized,open_world,0.75,Creature models in open desert/ocean,3cebdba485,vision,2026-10-10T11:58:29Z
1852226622,anime,town_roleplay,0.7,"Chibi gacha characters, snowy town streets",3ae0a8574a,vision,2026-10-09T11:58:55Z
2274830359,classic_studs,linear_course,0.65,"Grey corridors, giant heads, obby path",e0b8c2a125,vision,2026-10-09T11:58:55Z
2440500124,dark_gritty,interior,0.85,"Dark corridors, rooms, doors, hotel interior lighting",990eb30df1,vision,2026-10-08T15:57:11Z
2619619496,stylized,arena,0.7,"Floating islands with beds, sword combat",2495a8d02a,vision,2026-10-09T11:58:55Z
2668101271,classic_studs,open_world,0.6,"Grass sandbox, colored blocks, house interior",a0003221a6,vision,2026-10-08T15:57:11Z
2711375305,simulator_bright,interior,0.4,"UI-driven avatar editor, minimal world, bright UI",a31b74e71f,vision,2026-10-08T15:57:11Z
2783797267,realistic,open_world,0.75,ATVs and trucks in forest terrain,1c15d6f127,vision,2026-10-09T11:58:55Z
2936053166,dark_gritty,lobby_rounds,0.55,Dark corridor promo with guards,d14192f884,vision,2026-10-09T11:58:55Z
3240075297,stylized,town_roleplay,0.8,"Smooth avatars, suburban houses, hospital, school bus",21aa82dd92,vision,2026-10-09T11:58:55Z
3310460039,stylized,linear_course,0.75,"Prison obby stages, cartoon guard",983369da99,vision,2026-10-10T11:58:29Z
3317771874,simulator_bright,zone_progression,0.7,"Saturated cartoon pets, huge rarity text",28ed909080,vision,2026-10-08T15:57:11Z
3508322461,classic_studs,arena,0.6,"Blocky parts debris, classic avatars, city battleground",0e4d365035,vision,2026-10-08T15:57:11Z
3647333358,classic_studs,lobby_rounds,0.5,"Classic blocky avatars, green rooms, promo",fcaa2703d8,vision,2026-10-08T15:57:11Z
3808081382,anime,arena,0.55,"Grey destructible arena, smoke, impact VFX",4cefbe1174,vision,2026-10-08T15:57:11Z
4049246711,classic_studs,lobby_rounds,0.7,"Plain studded rooms, round maps",afd367b591,vision,2026-10-10T11:58:29Z
4293374620,stylized,arena,0.75,Blocky players on lit stadium pitch,9e836ed7cd,vision,2026-10-09T11:58:55Z
4658598196,anime,open_world,0.6,"Anime splash art, titans, fire",434d1bfe3f,vision,2026-10-09T11:58:55Z
4730278139,anime,arena,0.7,"Fighting-game promo art, glowing VFX",072ed75ec2,vision,2026-10-10T11:58:29Z
4777817887,stylized,arena,0.75,"Grey grid arena, red ball, sword VFX",ad50e09d6c,vision,2026-10-10T11:58:29Z
4839802560,stylized,town_roleplay,0.8,"Glossy RP avatars, airport and town",1cb12915c5,vision,2026-10-10T11:58:29Z
4949420752,stylized,arena,0.75,Cartoon players on small soccer pitch,7e8a660e6e,vision,2026-10-09T11:58:55Z
4983034985,stylized,open_world,0.6,"Map-based strategy, painted country map",6113c18003,vision,2026-10-10T11:58:29Z
5203828273,stylized,lobby_rounds,0.65,"Glossy doll-like avatars, pastel runway promo",99967581a7,vision,2026-10-08T15:57:11Z
5361032378,anime,open_world,0.4,"Pure promo aura cutscenes, huge VFX, rarity text",640bd10f8e,vision,2026-10-08T15:57:11Z
5569032992,stylized,interior,0.7,"Cartoon toon characters, indoor stage and corridors",b9df427681,vision,2026-10-10T11:58:29Z
5578556129,anime,tower_defense_lanes,0.5,"Pure anime promo art, no map shown",6d5fd15497,vision,2026-10-08T15:57:11Z
5595353122,anime,open_world,0.7,"Anime swordsmen promo art, forest world",aa6b57dd76,vision,2026-10-10T11:58:29Z
5750914919,stylized,open_world,0.6,"Beach island, smooth terrain, wooden shop interior",fa6206ec96,vision,2026-10-08T15:57:11Z
5995470825,stylized,arena,0.75,"First-person stylized guns, city rooftops",9395ef538a,vision,2026-10-10T11:58:29Z
6035872082,stylized,arena,0.65,"Clean white geometric arena, flat red figures",41cc7492f6,vision,2026-10-08T15:57:11Z
6325068386,anime,arena,0.6,"Anime splash art, soccer stadium",528bb38046,vision,2026-10-09T11:58:55Z
6331902150,dark_gritty,lobby_rounds,0.75,"Red/purple dark horror, flashlight scenes",bc3f18891c,vision,2026-10-10T11:58:29Z
6521100398,stylized,town_roleplay,0.7,"Polished family renders, car and living room",67c3c83cf3,vision,2026-10-09T11:58:55Z
6701277882,stylized,open_world,0.45,"Promo dock fishing scenes, synthwave backdrop",9d493a746a,vision,2026-10-08T15:57:11Z
6739698191,dark_gritty,lobby_rounds,0.5,"Horror killers, dim interiors, painted promo art",1243fdc70d,vision,2026-10-08T15:57:11Z
6765805766,realistic,town_roleplay,0.7,"Realistic lighting, suburbs, store, cars, fishing",41a34fcb25,vision,2026-10-08T15:57:11Z
6774320049,stylized,town_roleplay,0.8,"Glossy RP avatars, city, vehicles",24d384f4fd,vision,2026-10-10T11:58:29Z
6931042565,stylized,arena,0.55,"Volleyball court, speed lines, cartoon promo",04bcbaa698,vision,2026-10-08T15:57:11Z
6945584306,anime,arena,0.55,Manga-panel splash art,a2906ee2b7,vision,2026-10-09T11:58:55Z
7018190066,dark_gritty,linear_course,0.75,"Desaturated train on dusty track, fog",07f7f6db80,vision,2026-10-09T11:58:55Z
7089588429,realistic,open_world,0.65,"Detailed bikes, PBR garage, city street lighting",98623913ac,vision,2026-10-08T15:57:11Z
7219654364,simulator_bright,arena,0.5,Promo art only: knife vs revolver duel graphic,6769ee5af0,vision,2026-10-09T11:58:55Z
7265977477,classic_studs,linear_course,0.5,"Classic noob, brick stud-height wall",210c08a51f,vision,2026-10-08T15:57:11Z
7326934954,dark_gritty,open_world,0.55,"Night forest, campfire, wooden stockade, dark palette",ac7a692d87,vision,2026-10-08T15:57:11Z
7436755782,voxel_blocky,plot_base,0.75,"Blocky plants on dirt plots, bright",f77ae290bf,vision,2026-10-09T11:58:55Z
7554119808,simulator_bright,lobby_rounds,0.6,"Avatar shop UI, equip buttons, bright",cf91925da0,vision,2026-10-09T11:58:55Z
7585140258,stylized,open_world,0.65,Blocky characters with guns in city streets,b5749aca52,vision,2026-10-09T11:58:55Z
7633926880,realistic,arena,0.7,"Realistic weapons, Mediterranean map",b2090aaaeb,vision,2026-10-10T11:58:29Z
7709344486,simulator_bright,plot_base,0.7,"Player bases row, bright grass, $/s labels",0834b0c362,vision,2026-10-08T15:57:11Z
8178086002,dark_gritty,interior,0.8,"Yellow backrooms corridors, parking garage, monsters",b6b5d5cc92,vision,2026-10-09T11:58:55Z
8342498724,anime,open_world,0.55,"Anime promo art, stormy sea",2e75607867,vision,2026-10-10T11:58:29Z
8719555347,realistic,open_world,0.85,"Realistic ATVs, mud, forest lighting",fb14421b39,vision,2026-10-10T11:58:29Z
9167377564,stylized,open_world,0.7,"Raft on bright ocean, wooden structures",19e9c49956,vision,2026-10-09T11:58:55Z
9294074907,voxel_blocky,arena,0.65,"Blocky guns, grey checker test-map arena",883c0bb6ee,vision,2026-10-10T11:58:29Z
9491545867,simulator_bright,plot_base,0.5,"Voxel lucky eggs, divine 0.001% text, bright grass",e140a5c32e,vision,2026-10-08T15:57:11Z
9534705677,stylized,arena,0.75,"Stylized skins, scope view of arena",2ea492352e,vision,2026-10-10T11:58:29Z
9584852943,simulator_bright,linear_course,0.8,Keyboard-key obby course with +1 popups,0e1ee903c1,vision,2026-10-10T11:58:29Z
9796898051,realistic,zone_progression,0.65,"Detailed drill vehicle, cave lighting",219d6eea61,vision,2026-10-10T11:58:29Z
10004244222,simulator_bright,zone_progression,0.7,"Bright kicking field, lucky blocks",c4d9ee742c,vision,2026-10-10T11:58:29Z
10035204815,simulator_bright,zone_progression,0.75,"Saturated pets, eggs, MPH numbers",bcfe1c74f3,vision,2026-10-10T11:58:29Z
10148749921,stylized,interior,0.7,"Cartoon creatures, hospital rooms, indoor lighting",fce6b9b23c,vision,2026-10-08T15:57:11Z
10155360168,stylized,arena,0.6,"Smooth cartoon soccer field, VFX, promo renders",953c8634cd,vision,2026-10-08T15:57:11Z
10199301628,simulator_bright,plot_base,0.65,"Bright merge UI, rockets, grass plots",730d4e01fd,vision,2026-10-09T11:58:55Z
10258991999,simulator_bright,open_world,0.7,Huge armies on bright grass battlefield,c3353a49fd,vision,2026-10-10T11:58:29Z
10282097014,stylized,plot_base,0.8,Clean pastel pet store interior with tanks,fd26cd2d51,vision,2026-10-09T11:58:55Z
10399136326,anime,arena,0.75,"Anime fighters, cracked ground, VFX punches",abd6ead00b,vision,2026-10-09T11:58:55Z
10436530264,voxel_blocky,plot_base,0.75,"Brick ant mounds, voxel insects, bright",bebdb03e30,vision,2026-10-09T11:58:55Z
10460801145,classic_studs,linear_course,0.65,"Baseplate tower over lava, troll faces",70bc0d409b,vision,2026-10-10T11:58:29Z
10512942223,anime,open_world,0.45,"Anime promo art, heavy VFX, no world shown",4a87632a50,vision,2026-10-08T15:57:11Z
10563114921,simulator_bright,plot_base,0.8,"Bright voxel creatures and eggs, carry-off chase scenes",cec96fb610,vision,2026-10-10T11:58:29Z
10634461028,realistic,open_world,0.8,"Realistic scooter, roads, sunset",d8f6d70dd0,vision,2026-10-10T11:58:29Z
10673920146,stylized,arena,0.6,"Monkey hordes on open field, first-person gun",b22e73f248,vision,2026-10-09T11:58:55Z
10675117523,anime,linear_course,0.55,"Anime splash art, tower promo",0d19fabba6,vision,2026-10-09T11:58:55Z
10681914462,simulator_bright,linear_course,0.7,"Pink tongue slide course, +1 popups",3cdf7f012b,vision,2026-10-10T11:58:29Z
10684750879,simulator_bright,zone_progression,0.6,"Anvil forge, +1 popups, bright grass, noob/pro",ffc2697b60,vision,2026-10-08T15:57:11Z
10685282333,meme_chaotic,arena,0.45,Troll-face ball on grey grid baseplate,2770a9ddc2,vision,2026-10-08T15:57:11Z
10708913337,anime,zone_progression,0.45,"Anime characters, speed lines, studded floor, promo",efec0fbe7d,vision,2026-10-08T15:57:11Z
10732236937,dark_gritty,open_world,0.55,"Kaiju splash art, dark mountains",9582de2b1d,vision,2026-10-09T11:58:55Z
10741654282,simulator_bright,plot_base,0.6,Bright vehicle upgrade split,63ff95ea53,vision,2026-10-10T11:58:29Z
10744310825,simulator_bright,plot_base,0.8,"Bright plots with canvases, cash splits",d4b157254a,vision,2026-10-10T11:58:29Z
10756011174,stylized,open_world,0.6,Haystacks in barn and farmland,04fa96eb0e,vision,2026-10-09T11:58:55Z
10764221401,simulator_bright,linear_course,0.75,"Lava tower stages, push/hug prompts",2567e991ae,vision,2026-10-09T11:58:55Z
10764479526,simulator_bright,zone_progression,0.6,"Mewing faces, +1 text, bright panels",a147793785,vision,2026-10-09T11:58:55Z
10764627709,classic_studs,open_world,0.4,"Classic noob running on grass, sparse promo",cff82e94d5,vision,2026-10-08T15:57:11Z
10764897725,simulator_bright,plot_base,0.7,Voxel monsters and eggs on grass plots,b1312721e2,vision,2026-10-10T11:58:29Z
10765012427,simulator_bright,zone_progression,0.7,"Desert pyramid, carrying blocks",8b0ddae7c4,vision,2026-10-10T11:58:29Z
10765288803,simulator_bright,plot_base,0.55,"Bright grass, voxel chicken, lava eggs, $/s text",6b2f3cc909,vision,2026-10-08T15:57:11Z
10765298801,simulator_bright,zone_progression,0.75,"Grass shore and water, +1 numbers",890a9bafc8,vision,2026-10-10T11:58:29Z
10765490774,simulator_bright,linear_course,0.7,"Tall scaffold climb, voxel dragon",f13e7b88b1,vision,2026-10-10T11:58:29Z
10765582175,dark_gritty,open_world,0.65,"Dark forest, glowing dog creatures",3c11fa3c5d,vision,2026-10-09T11:58:55Z
10765686447,voxel_blocky,plot_base,0.6,"Voxel food items, close-up ASMR promos",ccfb00999c,vision,2026-10-10T11:58:29Z
10765785152,stylized,lobby_rounds,0.45,"Cartoon promo, two players at table",8101c9a70d,vision,2026-10-08T15:57:11Z
10766056678,simulator_bright,plot_base,0.75,"Bright grass, voxel animals, noob vs pro",ef27d16e24,vision,2026-10-10T11:58:29Z
10766506199,classic_studs,interior,0.6,"Simple house interior, horror window face",b0de47569e,vision,2026-10-10T11:58:29Z
10766721625,simulator_bright,zone_progression,0.6,"Underground dirt tunnel, voxel egg",dacc73c055,vision,2026-10-10T11:58:29Z
10767012496,simulator_bright,arena,0.75,Cars hitting giant ball on bright field,c80e2b2705,vision,2026-10-09T11:58:55Z
10767138232,realistic,open_world,0.75,"Realistic scooters, open world city",25346cf630,vision,2026-10-10T11:58:29Z
10767240772,stylized,interior,0.6,"Smooth render, giant egg in dark hall",bcefb7e894,vision,2026-10-09T11:58:55Z
10767380385,stylized,interior,0.65,"Fast food kitchen interior, creepy window",596f93aef2,vision,2026-10-10T11:58:29Z
10767408330,simulator_bright,zone_progression,0.6,"Potato piles, rainbow rare item",e02b16f646,vision,2026-10-10T11:58:29Z
10767567751,voxel_blocky,plot_base,0.75,"Blocky bunker base, turrets vs monster",5ce2cecbf4,vision,2026-10-10T11:58:29Z
10767634248,realistic,open_world,0.7,"Realistic fire, city buildings, fire truck",185515594b,vision,2026-10-10T11:58:29Z
10767825538,dark_gritty,interior,0.5,"Dark realistic-faced horror, cracked walls, low light",aca2e7a226,vision,2026-10-08T15:57:11Z
10768023539,stylized,interior,0.4,Pink illustrated promo art only,cfdb4324de,vision,2026-10-09T11:58:55Z
10768565603,stylized,town_roleplay,0.6,Cartoon driving school car scene,bb1dc65eb8,vision,2026-10-10T11:58:29Z
